<?xml version="1.0" encoding="utf-8" ?>
<kml xmlns="http://www.opengis.net/kml/2.2">
<Document id="root_doc">
<Schema name="praças_belem" id="praças_belem">
	<SimpleField name="element" type="string"></SimpleField>
	<SimpleField name="id" type="string"></SimpleField>
	<SimpleField name="leisure" type="string"></SimpleField>
	<SimpleField name="alt_name" type="string"></SimpleField>
	<SimpleField name="barrier" type="string"></SimpleField>
	<SimpleField name="charge" type="string"></SimpleField>
	<SimpleField name="contact:website" type="string"></SimpleField>
	<SimpleField name="fee" type="string"></SimpleField>
	<SimpleField name="old_name" type="string"></SimpleField>
	<SimpleField name="opening_hours" type="string"></SimpleField>
	<SimpleField name="start_date" type="string"></SimpleField>
	<SimpleField name="tourism" type="string"></SimpleField>
	<SimpleField name="wikidata" type="string"></SimpleField>
	<SimpleField name="wikimedia_commons" type="string"></SimpleField>
	<SimpleField name="wikipedia" type="string"></SimpleField>
	<SimpleField name="access" type="string"></SimpleField>
	<SimpleField name="addr:city" type="string"></SimpleField>
	<SimpleField name="addr:housenumber" type="string"></SimpleField>
	<SimpleField name="addr:postcode" type="string"></SimpleField>
	<SimpleField name="addr:street" type="string"></SimpleField>
	<SimpleField name="addr:suburb" type="string"></SimpleField>
	<SimpleField name="heritage" type="string"></SimpleField>
	<SimpleField name="heritage:operator" type="string"></SimpleField>
	<SimpleField name="historic" type="string"></SimpleField>
	<SimpleField name="image" type="string"></SimpleField>
	<SimpleField name="iphan:classification" type="string"></SimpleField>
	<SimpleField name="iphan:inscription_date" type="string"></SimpleField>
	<SimpleField name="iphan:status" type="string"></SimpleField>
	<SimpleField name="iphan:tombo" type="string"></SimpleField>
	<SimpleField name="note" type="string"></SimpleField>
	<SimpleField name="phone" type="string"></SimpleField>
	<SimpleField name="ref:iphan" type="string"></SimpleField>
	<SimpleField name="website" type="string"></SimpleField>
	<SimpleField name="wheelchair" type="string"></SimpleField>
	<SimpleField name="source" type="string"></SimpleField>
	<SimpleField name="surface" type="string"></SimpleField>
	<SimpleField name="noname" type="string"></SimpleField>
	<SimpleField name="operator" type="string"></SimpleField>
	<SimpleField name="loc_name" type="string"></SimpleField>
	<SimpleField name="contact:phone" type="string"></SimpleField>
	<SimpleField name="nohousenumber" type="string"></SimpleField>
	<SimpleField name="addr:country" type="string"></SimpleField>
	<SimpleField name="name:en" type="string"></SimpleField>
	<SimpleField name="name:hu" type="string"></SimpleField>
	<SimpleField name="name:pt" type="string"></SimpleField>
	<SimpleField name="operator:type" type="string"></SimpleField>
	<SimpleField name="official_name" type="string"></SimpleField>
	<SimpleField name="highway" type="string"></SimpleField>
	<SimpleField name="landuse" type="string"></SimpleField>
	<SimpleField name="source:name" type="string"></SimpleField>
	<SimpleField name="leaf_type" type="string"></SimpleField>
	<SimpleField name="source:geometry" type="string"></SimpleField>
	<SimpleField name="source:leaf_type" type="string"></SimpleField>
	<SimpleField name="leaf_cycle" type="string"></SimpleField>
	<SimpleField name="addr:place" type="string"></SimpleField>
	<SimpleField name="natural" type="string"></SimpleField>
	<SimpleField name="opening_hours:covid19" type="string"></SimpleField>
	<SimpleField name="type" type="string"></SimpleField>
</Schema>
<Folder><name>praças_belem</name>
  <Placemark id="praças_belem.1">
	<name>Parque zoobotânico</name>
	<ExtendedData><SchemaData schemaUrl="#praças_belem">
		<SimpleData name="element">node</SimpleData>
		<SimpleData name="id">10673895345</SimpleData>
		<SimpleData name="leisure">park</SimpleData>
	</SchemaData></ExtendedData>
      <Point><coordinates>-48.4766793,-1.4522823</coordinates></Point>
  </Placemark>
  <Placemark id="praças_belem.2">
	<ExtendedData><SchemaData schemaUrl="#praças_belem">
		<SimpleData name="element">node</SimpleData>
		<SimpleData name="id">10972335021</SimpleData>
		<SimpleData name="leisure">park</SimpleData>
	</SchemaData></ExtendedData>
      <Point><coordinates>-48.506263,-1.2027796</coordinates></Point>
  </Placemark>
  <Placemark id="praças_belem.3">
	<name>Unidade de conservação</name>
	<ExtendedData><SchemaData schemaUrl="#praças_belem">
		<SimpleData name="element">node</SimpleData>
		<SimpleData name="id">11557893332</SimpleData>
		<SimpleData name="leisure">park</SimpleData>
	</SchemaData></ExtendedData>
      <Point><coordinates>-48.4423003,-1.4215449</coordinates></Point>
  </Placemark>
  <Placemark id="praças_belem.4">
	<ExtendedData><SchemaData schemaUrl="#praças_belem">
		<SimpleData name="element">node</SimpleData>
		<SimpleData name="id">11808390735</SimpleData>
		<SimpleData name="leisure">park</SimpleData>
	</SchemaData></ExtendedData>
      <Point><coordinates>-48.4421182,-1.3365636</coordinates></Point>
  </Placemark>
  <Placemark id="praças_belem.5">
	<ExtendedData><SchemaData schemaUrl="#praças_belem">
		<SimpleData name="element">node</SimpleData>
		<SimpleData name="id">12708185071</SimpleData>
		<SimpleData name="leisure">park</SimpleData>
	</SchemaData></ExtendedData>
      <Point><coordinates>-48.4552441,-1.4663684</coordinates></Point>
  </Placemark>
  <Placemark id="praças_belem.6">
	<name>Praça da Bíblia</name>
	<ExtendedData><SchemaData schemaUrl="#praças_belem">
		<SimpleData name="element">node</SimpleData>
		<SimpleData name="id">12709740756</SimpleData>
		<SimpleData name="leisure">park</SimpleData>
	</SchemaData></ExtendedData>
      <Point><coordinates>-48.4825837,-1.3773462</coordinates></Point>
  </Placemark>
  <Placemark id="praças_belem.7">
	<name>Árvore de ceringueira</name>
	<ExtendedData><SchemaData schemaUrl="#praças_belem">
		<SimpleData name="element">node</SimpleData>
		<SimpleData name="id">12889317596</SimpleData>
		<SimpleData name="leisure">park</SimpleData>
	</SchemaData></ExtendedData>
      <Point><coordinates>-48.4610223,-1.3905843</coordinates></Point>
  </Placemark>
  <Placemark id="praças_belem.8">
	<name>SUPER MIX</name>
	<ExtendedData><SchemaData schemaUrl="#praças_belem">
		<SimpleData name="element">node</SimpleData>
		<SimpleData name="id">12889317597</SimpleData>
		<SimpleData name="leisure">park</SimpleData>
	</SchemaData></ExtendedData>
      <Point><coordinates>-48.4633687,-1.47505</coordinates></Point>
  </Placemark>
  <Placemark id="praças_belem.9">
	<name>Arvore da Perdição</name>
	<ExtendedData><SchemaData schemaUrl="#praças_belem">
		<SimpleData name="element">node</SimpleData>
		<SimpleData name="id">12889346816</SimpleData>
		<SimpleData name="leisure">park</SimpleData>
	</SchemaData></ExtendedData>
      <Point><coordinates>-48.4613553,-1.4380544</coordinates></Point>
  </Placemark>
  <Placemark id="praças_belem.10">
	<name>recanto da volta</name>
	<ExtendedData><SchemaData schemaUrl="#praças_belem">
		<SimpleData name="element">node</SimpleData>
		<SimpleData name="id">13279813836</SimpleData>
		<SimpleData name="leisure">park</SimpleData>
	</SchemaData></ExtendedData>
      <Point><coordinates>-48.4125807,-1.4312645</coordinates></Point>
  </Placemark>
  <Placemark id="praças_belem.11">
	<Style><LineStyle><color>ff0000ff</color></LineStyle><PolyStyle><fill>0</fill></PolyStyle></Style>
	<ExtendedData><SchemaData schemaUrl="#praças_belem">
		<SimpleData name="element">relation</SimpleData>
		<SimpleData name="id">5265201</SimpleData>
		<SimpleData name="leisure">park</SimpleData>
		<SimpleData name="type">multipolygon</SimpleData>
	</SchemaData></ExtendedData>
      <Polygon><outerBoundaryIs><LinearRing><coordinates>-48.4494031,-1.3502756 -48.4491968,-1.3501243 -48.449045,-1.3500083 -48.4489962,-1.3499093 -48.4489785,-1.3498835 -48.448956,-1.3498638 -48.4488259,-1.3497723 -48.448756,-1.349728 -48.4486221,-1.3496466 -48.4485866,-1.3496299 -48.448553,-1.3496204 -48.4484598,-1.3496004 -48.4483102,-1.3495078 -48.4478758,-1.3492075 -48.4476675,-1.3490819 -48.4476424,-1.3490372 -48.4476015,-1.3489688 -48.4475501,-1.3489179 -48.447505,-1.3488931 -48.4474795,-1.3488642 -48.4474671,-1.3488168 -48.4471191,-1.3493665 -48.4471603,-1.349367 -48.4472367,-1.3494012 -48.4472906,-1.3494326 -48.4473393,-1.3494434 -48.4474499,-1.3494394 -48.4476378,-1.3495737 -48.4480836,-1.3498691 -48.4482124,-1.3499643 -48.4482328,-1.3500062 -48.4482552,-1.3500497 -48.4482825,-1.3500851 -48.4483242,-1.3501221 -48.4483601,-1.3501449 -48.4484437,-1.3501967 -48.4485121,-1.3502465 -48.4485975,-1.3503173 -48.448637,-1.3503423 -48.4486674,-1.3503525 -48.4488243,-1.3503629 -48.4489795,-1.3504698 -48.4491727,-1.3505956 -48.4494031,-1.3502756</coordinates></LinearRing></outerBoundaryIs></Polygon>
  </Placemark>
  <Placemark id="praças_belem.12">
	<Style><LineStyle><color>ff0000ff</color></LineStyle><PolyStyle><fill>0</fill></PolyStyle></Style>
	<ExtendedData><SchemaData schemaUrl="#praças_belem">
		<SimpleData name="element">relation</SimpleData>
		<SimpleData name="id">7220414</SimpleData>
		<SimpleData name="leisure">park</SimpleData>
		<SimpleData name="type">multipolygon</SimpleData>
	</SchemaData></ExtendedData>
      <Polygon><outerBoundaryIs><LinearRing><coordinates>-48.4421607,-1.4508403 -48.4417403,-1.4502809 -48.4405512,-1.4484514 -48.438936,-1.4494971 -48.4392022,-1.4500014 -48.4388804,-1.4502052 -48.4386068,-1.4503875 -48.4384727,-1.4501462 -48.4383278,-1.4499638 -48.4384888,-1.4498619 -48.4384815,-1.4497785 -48.4366664,-1.4509022 -48.4365487,-1.4508452 -48.4366005,-1.4509935 -48.4366488,-1.4511222 -48.4366863,-1.4513152 -48.4367668,-1.4516424 -48.4368741,-1.4518783 -48.4370082,-1.4521036 -48.4372711,-1.4525487 -48.4374749,-1.4529348 -48.4375929,-1.4530903 -48.4379577,-1.453648 -48.4380328,-1.453766 -48.4380006,-1.4535622 -48.4377538,-1.453219 -48.4375554,-1.452924 -48.4373462,-1.452554 -48.4370887,-1.4521411 -48.4370726,-1.4519266 -48.4371906,-1.4518032 -48.4372603,-1.4518944 -48.4375822,-1.4526023 -48.4377378,-1.4527363 -48.4378987,-1.4527578 -48.4391808,-1.451948 -48.4398245,-1.4528919 -48.4404682,-1.4524897 -48.4397762,-1.4514386 -48.4406815,-1.4508241 -48.4414392,-1.4518622 -48.4416913,-1.4517013 -48.441627,-1.4515673 -48.4415089,-1.4510846 -48.4416323,-1.4509988 -48.441686,-1.4508433 -48.4418791,-1.4507951 -48.4420132,-1.4509184 -48.4421607,-1.4508403</coordinates></LinearRing></outerBoundaryIs></Polygon>
  </Placemark>
  <Placemark id="praças_belem.13">
	<name>Praça do Judeu</name>
	<Style><LineStyle><color>ff0000ff</color></LineStyle><PolyStyle><fill>0</fill></PolyStyle></Style>
	<ExtendedData><SchemaData schemaUrl="#praças_belem">
		<SimpleData name="element">relation</SimpleData>
		<SimpleData name="id">9459580</SimpleData>
		<SimpleData name="leisure">park</SimpleData>
		<SimpleData name="landuse">grass</SimpleData>
		<SimpleData name="type">multipolygon</SimpleData>
	</SchemaData></ExtendedData>
      <Polygon><outerBoundaryIs><LinearRing><coordinates>-48.488768,-1.4450431 -48.4888733,-1.4448501 -48.4889068,-1.4448038 -48.488821,-1.4447911 -48.4887593,-1.4447542 -48.4886943,-1.4446825 -48.4886567,-1.4446744 -48.488648,-1.4446852 -48.4886681,-1.4447341 -48.4887258,-1.44484 -48.4887416,-1.4448786 -48.4887499,-1.444899 -48.4887526,-1.4449513 -48.4887526,-1.4450277 -48.488768,-1.4450431</coordinates></LinearRing></outerBoundaryIs></Polygon>
  </Placemark>
  <Placemark id="praças_belem.14">
	<Style><LineStyle><color>ff0000ff</color></LineStyle><PolyStyle><fill>0</fill></PolyStyle></Style>
	<ExtendedData><SchemaData schemaUrl="#praças_belem">
		<SimpleData name="element">relation</SimpleData>
		<SimpleData name="id">15986837</SimpleData>
		<SimpleData name="leisure">park</SimpleData>
		<SimpleData name="landuse">grass</SimpleData>
		<SimpleData name="type">multipolygon</SimpleData>
	</SchemaData></ExtendedData>
      <Polygon><outerBoundaryIs><LinearRing><coordinates>-48.4575829,-1.4223594 -48.4576142,-1.4223406 -48.4576236,-1.4223192 -48.4576195,-1.4222937 -48.4574211,-1.4220149 -48.4574184,-1.4219854 -48.4573983,-1.4219277 -48.4572199,-1.4216716 -48.4571917,-1.4216368 -48.4571536,-1.4216322 -48.4572256,-1.4217402 -48.4572007,-1.4217568 -48.4574145,-1.4220773 -48.4575829,-1.4223594</coordinates></LinearRing></outerBoundaryIs></Polygon>
  </Placemark>
  <Placemark id="praças_belem.15">
	<Style><LineStyle><color>ff0000ff</color></LineStyle><PolyStyle><fill>0</fill></PolyStyle></Style>
	<ExtendedData><SchemaData schemaUrl="#praças_belem">
		<SimpleData name="element">relation</SimpleData>
		<SimpleData name="id">15986840</SimpleData>
		<SimpleData name="leisure">park</SimpleData>
		<SimpleData name="landuse">grass</SimpleData>
		<SimpleData name="type">multipolygon</SimpleData>
	</SchemaData></ExtendedData>
      <Polygon><outerBoundaryIs><LinearRing><coordinates>-48.4569514,-1.422386 -48.4567376,-1.4220655 -48.4567231,-1.4220752 -48.4566645,-1.4219874 -48.4565279,-1.4220784 -48.4565533,-1.4221165 -48.4565317,-1.4221309 -48.4565603,-1.422161 -48.456599,-1.4221824 -48.4566408,-1.4221885 -48.4566761,-1.4221865 -48.4567132,-1.4221958 -48.4567505,-1.42222 -48.4567661,-1.4222549 -48.4567767,-1.4223044 -48.4567834,-1.422346 -48.4567948,-1.4223701 -48.4568131,-1.4223909 -48.456856,-1.4224002 -48.4569514,-1.422386</coordinates></LinearRing></outerBoundaryIs></Polygon>
  </Placemark>
  <Placemark id="praças_belem.16">
	<Style><LineStyle><color>ff0000ff</color></LineStyle><PolyStyle><fill>0</fill></PolyStyle></Style>
	<ExtendedData><SchemaData schemaUrl="#praças_belem">
		<SimpleData name="element">relation</SimpleData>
		<SimpleData name="id">15986841</SimpleData>
		<SimpleData name="leisure">park</SimpleData>
		<SimpleData name="landuse">grass</SimpleData>
		<SimpleData name="type">multipolygon</SimpleData>
	</SchemaData></ExtendedData>
      <Polygon><outerBoundaryIs><LinearRing><coordinates>-48.4558878,-1.4221215 -48.4557829,-1.4219642 -48.4558207,-1.421939 -48.4556959,-1.421752 -48.4552337,-1.4220591 -48.4551922,-1.4220899 -48.4551801,-1.4221114 -48.4551801,-1.4221489 -48.4551895,-1.4222012 -48.4552042,-1.4222213 -48.4554711,-1.4224506 -48.4554912,-1.4224586 -48.4555972,-1.4224171 -48.4556924,-1.4223742 -48.4556709,-1.4223587 -48.4556521,-1.4223406 -48.455618,-1.4223085 -48.4555931,-1.4222857 -48.4555335,-1.4222475 -48.4555093,-1.4222394 -48.4554812,-1.4222367 -48.4554503,-1.4222381 -48.4554181,-1.4222374 -48.455388,-1.4222186 -48.4553705,-1.4221905 -48.4553598,-1.4221664 -48.4553551,-1.4221221 -48.4553652,-1.4220926 -48.4553873,-1.4220685 -48.4554248,-1.422049 -48.4554557,-1.4220417 -48.4554885,-1.422039 -48.4555321,-1.422037 -48.4555556,-1.4220323 -48.4555851,-1.4220048 -48.4556273,-1.4219766 -48.4556736,-1.4219606 -48.4557181,-1.4219612 -48.4557925,-1.4220866 -48.4557576,-1.4221134 -48.455801,-1.4221784 -48.4558878,-1.4221215</coordinates></LinearRing></outerBoundaryIs></Polygon>
  </Placemark>
  <Placemark id="praças_belem.17">
	<name>Bosque Rodrigues Alves</name>
	<Style><LineStyle><color>ff0000ff</color></LineStyle><PolyStyle><fill>0</fill></PolyStyle></Style>
	<ExtendedData><SchemaData schemaUrl="#praças_belem">
		<SimpleData name="element">way</SimpleData>
		<SimpleData name="id">27000154</SimpleData>
		<SimpleData name="leisure">park</SimpleData>
		<SimpleData name="alt_name">Jardim Botânico da Amazônia</SimpleData>
		<SimpleData name="barrier">fence</SimpleData>
		<SimpleData name="charge">2.00 BRL</SimpleData>
		<SimpleData name="contact:website">https://semma.belem.pa.gov.br/bosque/</SimpleData>
		<SimpleData name="fee">yes</SimpleData>
		<SimpleData name="old_name">Bosque Municipal do Marco da Légua</SimpleData>
		<SimpleData name="opening_hours">Tu-Su 08:00-14:00</SimpleData>
		<SimpleData name="start_date">1883-08-25</SimpleData>
		<SimpleData name="tourism">zoo</SimpleData>
		<SimpleData name="wikidata">Q10305532</SimpleData>
		<SimpleData name="wikimedia_commons">https://commons.wikimedia.org/wiki/Category:Bosque_Rodrigues_Alves#/media/File:Pequeno_lago,_localizado_no_Bosque_Rodrigues_Alves.JPG</SimpleData>
		<SimpleData name="wikipedia">pt:Bosque Rodrigues Alves</SimpleData>
	</SchemaData></ExtendedData>
      <Polygon><outerBoundaryIs><LinearRing><coordinates>-48.4565323,-1.4277659 -48.458859,-1.431396 -48.4565654,-1.4329429 -48.4553662,-1.4311743 -48.4541671,-1.4293313 -48.4565323,-1.4277659</coordinates></LinearRing></outerBoundaryIs></Polygon>
  </Placemark>
  <Placemark id="praças_belem.18">
	<name>Parque Zoobotânico do Museu Paraense Emílio Goeldi</name>
	<Style><LineStyle><color>ff0000ff</color></LineStyle><PolyStyle><fill>0</fill></PolyStyle></Style>
	<ExtendedData><SchemaData schemaUrl="#praças_belem">
		<SimpleData name="element">way</SimpleData>
		<SimpleData name="id">27000166</SimpleData>
		<SimpleData name="leisure">park</SimpleData>
		<SimpleData name="fee">yes</SimpleData>
		<SimpleData name="opening_hours">We-Su 09:00-13:00</SimpleData>
		<SimpleData name="tourism">zoo</SimpleData>
		<SimpleData name="wikidata">Q3328425</SimpleData>
		<SimpleData name="wikipedia">pt:Museu Goeldi</SimpleData>
		<SimpleData name="access">yes</SimpleData>
		<SimpleData name="addr:city">Belém</SimpleData>
		<SimpleData name="addr:housenumber">376</SimpleData>
		<SimpleData name="addr:postcode">66040-170</SimpleData>
		<SimpleData name="addr:street">Avenida Governador Magalhães Barata</SimpleData>
		<SimpleData name="addr:suburb">São Bráz</SimpleData>
		<SimpleData name="heritage">2</SimpleData>
		<SimpleData name="heritage:operator">iphan</SimpleData>
		<SimpleData name="historic">heritage</SimpleData>
		<SimpleData name="image">https://commons.wikimedia.org/wiki/File:Parque_Zoobot%C3%A2nico_do_Museu_Paraense_Em%C3%ADlio_Goeldi-12.jpg</SimpleData>
		<SimpleData name="iphan:classification">jardim</SimpleData>
		<SimpleData name="iphan:inscription_date">1994-01-03</SimpleData>
		<SimpleData name="iphan:status">tombado</SimpleData>
		<SimpleData name="iphan:tombo">AEP;H</SimpleData>
		<SimpleData name="note">Nao e permitida a entrada de pessoas portando: Alimentos, animais, bicicletas, equipamentos sonoros, bolas e balões.</SimpleData>
		<SimpleData name="phone">+55 91 3211 1700</SimpleData>
		<SimpleData name="ref:iphan">1297</SimpleData>
		<SimpleData name="website">https://www.gov.br/museugoeldi/pt-br</SimpleData>
		<SimpleData name="wheelchair">yes</SimpleData>
	</SchemaData></ExtendedData>
      <Polygon><outerBoundaryIs><LinearRing><coordinates>-48.4775543,-1.4520426 -48.4772246,-1.4520339 -48.4771243,-1.4520132 -48.4764625,-1.4519607 -48.4757691,-1.4519098 -48.4757001,-1.4532994 -48.4756705,-1.4541219 -48.4756659,-1.4542464 -48.4756479,-1.4547468 -48.4759183,-1.4547569 -48.4773347,-1.454829 -48.4775543,-1.4520426</coordinates></LinearRing></outerBoundaryIs></Polygon>
  </Placemark>
  <Placemark id="praças_belem.19">
	<name>Praça Rui Barbosa</name>
	<Style><LineStyle><color>ff0000ff</color></LineStyle><PolyStyle><fill>0</fill></PolyStyle></Style>
	<ExtendedData><SchemaData schemaUrl="#praças_belem">
		<SimpleData name="element">way</SimpleData>
		<SimpleData name="id">53892360</SimpleData>
		<SimpleData name="leisure">park</SimpleData>
		<SimpleData name="source">survey</SimpleData>
	</SchemaData></ExtendedData>
      <Polygon><outerBoundaryIs><LinearRing><coordinates>-48.494394,-1.4559524 -48.4938856,-1.4564614 -48.4938624,-1.4564454 -48.4936338,-1.456252 -48.494068,-1.4556945 -48.494394,-1.4559524</coordinates></LinearRing></outerBoundaryIs></Polygon>
  </Placemark>
  <Placemark id="praças_belem.20">
	<name>Praça Barão do Rio Branco</name>
	<Style><LineStyle><color>ff0000ff</color></LineStyle><PolyStyle><fill>0</fill></PolyStyle></Style>
	<ExtendedData><SchemaData schemaUrl="#praças_belem">
		<SimpleData name="element">way</SimpleData>
		<SimpleData name="id">53892370</SimpleData>
		<SimpleData name="leisure">park</SimpleData>
		<SimpleData name="wikidata">Q118111903</SimpleData>
		<SimpleData name="source">survey</SimpleData>
	</SchemaData></ExtendedData>
      <Polygon><outerBoundaryIs><LinearRing><coordinates>-48.4943555,-1.4552134 -48.4945811,-1.4554126 -48.4947705,-1.4555969 -48.4946082,-1.4557793 -48.4944907,-1.4559005 -48.4943045,-1.4557669 -48.4942769,-1.4557495 -48.4941062,-1.4556115 -48.4942246,-1.4554072 -48.4943555,-1.4552134</coordinates></LinearRing></outerBoundaryIs></Polygon>
  </Placemark>
  <Placemark id="praças_belem.21">
	<name>Praça Pedro Teixeira</name>
	<Style><LineStyle><color>ff0000ff</color></LineStyle><PolyStyle><fill>0</fill></PolyStyle></Style>
	<ExtendedData><SchemaData schemaUrl="#praças_belem">
		<SimpleData name="element">way</SimpleData>
		<SimpleData name="id">61833482</SimpleData>
		<SimpleData name="leisure">park</SimpleData>
		<SimpleData name="surface">grass</SimpleData>
	</SchemaData></ExtendedData>
      <Polygon><outerBoundaryIs><LinearRing><coordinates>-48.4986558,-1.4477693 -48.4986495,-1.4477237 -48.4986781,-1.447664 -48.4987426,-1.4476213 -48.4988544,-1.4475977 -48.49891,-1.4476064 -48.4989645,-1.4476487 -48.4990121,-1.4477258 -48.4990281,-1.4478037 -48.4990206,-1.4478959 -48.4989937,-1.4479346 -48.4989389,-1.4479847 -48.4988842,-1.4479698 -48.498827,-1.4479357 -48.4987857,-1.447903 -48.4986558,-1.4477693</coordinates></LinearRing></outerBoundaryIs></Polygon>
  </Placemark>
  <Placemark id="praças_belem.22">
	<Style><LineStyle><color>ff0000ff</color></LineStyle><PolyStyle><fill>0</fill></PolyStyle></Style>
	<ExtendedData><SchemaData schemaUrl="#praças_belem">
		<SimpleData name="element">way</SimpleData>
		<SimpleData name="id">92749183</SimpleData>
		<SimpleData name="leisure">park</SimpleData>
		<SimpleData name="fee">no</SimpleData>
		<SimpleData name="opening_hours">PH,Su-Sa 06:00-24:00</SimpleData>
		<SimpleData name="tourism">attraction</SimpleData>
		<SimpleData name="noname">yes</SimpleData>
		<SimpleData name="operator">SECULT</SimpleData>
	</SchemaData></ExtendedData>
      <Polygon><outerBoundaryIs><LinearRing><coordinates>-48.5061782,-1.4554791 -48.5061392,-1.4553518 -48.5061415,-1.4552257 -48.5060816,-1.4548391 -48.5059711,-1.4548426 -48.5056444,-1.4543122 -48.50568,-1.4542828 -48.5056488,-1.4542604 -48.5056801,-1.454237 -48.5056476,-1.454186 -48.5056216,-1.4541556 -48.5055952,-1.4541376 -48.5055501,-1.4541285 -48.5055224,-1.4541255 -48.5053568,-1.4539171 -48.5052772,-1.4538543 -48.5052176,-1.4538405 -48.5051199,-1.453864 -48.5046902,-1.4541945 -48.5047132,-1.454285 -48.504789,-1.4545092 -48.5048829,-1.4546667 -48.5049696,-1.4547791 -48.5050283,-1.4549234 -48.5050557,-1.4549942 -48.5051527,-1.4550027 -48.5053465,-1.4550215 -48.5055793,-1.4550257 -48.5056042,-1.4554182 -48.5056155,-1.4555949 -48.5056336,-1.4558345 -48.506064,-1.4557939 -48.5062115,-1.4557772 -48.5061838,-1.4555392 -48.506289,-1.4555285 -48.506293,-1.4555677 -48.506405,-1.4555563 -48.506408,-1.4555855 -48.5064404,-1.4555822 -48.5064463,-1.4556397 -48.5064909,-1.4556352 -48.5064594,-1.4553267 -48.5063502,-1.4553378 -48.5063592,-1.4554256 -48.5062759,-1.4554341 -48.5062794,-1.4554688 -48.5061782,-1.4554791</coordinates></LinearRing></outerBoundaryIs></Polygon>
  </Placemark>
  <Placemark id="praças_belem.23">
	<name>Praça das Mercês</name>
	<Style><LineStyle><color>ff0000ff</color></LineStyle><PolyStyle><fill>0</fill></PolyStyle></Style>
	<ExtendedData><SchemaData schemaUrl="#praças_belem">
		<SimpleData name="element">way</SimpleData>
		<SimpleData name="id">172457767</SimpleData>
		<SimpleData name="leisure">park</SimpleData>
		<SimpleData name="tourism">attraction</SimpleData>
		<SimpleData name="source">http://pt.wikipedia.org/wiki/Igreja_de_Nossa_Senhora_das_Merc%C3%AAs_(Bel%C3%A9m)</SimpleData>
	</SchemaData></ExtendedData>
      <Polygon><outerBoundaryIs><LinearRing><coordinates>-48.5006516,-1.4506737 -48.5004422,-1.4509297 -48.5002424,-1.4511843 -48.5004418,-1.4513046 -48.5006248,-1.4514294 -48.5010789,-1.4510368 -48.5008457,-1.4508386 -48.5006516,-1.4506737</coordinates></LinearRing></outerBoundaryIs></Polygon>
  </Placemark>
  <Placemark id="praças_belem.24">
	<name>Praça da República</name>
	<Style><LineStyle><color>ff0000ff</color></LineStyle><PolyStyle><fill>0</fill></PolyStyle></Style>
	<ExtendedData><SchemaData schemaUrl="#praças_belem">
		<SimpleData name="element">way</SimpleData>
		<SimpleData name="id">172460423</SimpleData>
		<SimpleData name="leisure">park</SimpleData>
		<SimpleData name="wikidata">Q10353432</SimpleData>
		<SimpleData name="wikipedia">pt:Praça da República (Belém)</SimpleData>
	</SchemaData></ExtendedData>
      <Polygon><outerBoundaryIs><LinearRing><coordinates>-48.4961014,-1.4521965 -48.4960284,-1.4521231 -48.4959921,-1.4520788 -48.4945958,-1.4504933 -48.4945058,-1.4503979 -48.4942831,-1.4508174 -48.4942662,-1.4508824 -48.4942632,-1.4508941 -48.4942584,-1.4509126 -48.4942512,-1.4509349 -48.4942406,-1.4509677 -48.4941594,-1.4511118 -48.4941368,-1.4511553 -48.4940397,-1.451324 -48.4939998,-1.4513948 -48.4939661,-1.4514545 -48.4936017,-1.4520591 -48.4935651,-1.45213 -48.4935414,-1.452176 -48.4934958,-1.4522579 -48.493443,-1.4523527 -48.4934334,-1.452369 -48.4934202,-1.452391 -48.493264,-1.4526518 -48.4931304,-1.4528713 -48.4931137,-1.4529028 -48.4930784,-1.4529568 -48.4936015,-1.4534241 -48.4941317,-1.4529069 -48.4943995,-1.453221 -48.4944852,-1.4531705 -48.4945152,-1.4531526 -48.4951736,-1.4527605 -48.4952492,-1.452716 -48.4954874,-1.452568 -48.4961014,-1.4521965</coordinates></LinearRing></outerBoundaryIs></Polygon>
  </Placemark>
  <Placemark id="praças_belem.25">
	<name>Praça da Bandeira</name>
	<Style><LineStyle><color>ff0000ff</color></LineStyle><PolyStyle><fill>0</fill></PolyStyle></Style>
	<ExtendedData><SchemaData schemaUrl="#praças_belem">
		<SimpleData name="element">way</SimpleData>
		<SimpleData name="id">172461106</SimpleData>
		<SimpleData name="leisure">park</SimpleData>
		<SimpleData name="wikidata">Q10353408</SimpleData>
		<SimpleData name="wikipedia">pt:Praça da Bandeira (Belém)</SimpleData>
		<SimpleData name="loc_name">Praça da Bandeira</SimpleData>
	</SchemaData></ExtendedData>
      <Polygon><outerBoundaryIs><LinearRing><coordinates>-48.5005053,-1.4553802 -48.5002641,-1.455715 -48.5001925,-1.4556706 -48.4991183,-1.4549562 -48.4988142,-1.4544947 -48.49885,-1.4544698 -48.4993331,-1.4541032 -48.4995508,-1.4539586 -48.4998536,-1.4544057 -48.5001902,-1.4548869 -48.5005053,-1.4553802</coordinates></LinearRing></outerBoundaryIs></Polygon>
  </Placemark>
  <Placemark id="praças_belem.26">
	<name>Boulevard da Gastronomia</name>
	<Style><LineStyle><color>ff0000ff</color></LineStyle><PolyStyle><fill>0</fill></PolyStyle></Style>
	<ExtendedData><SchemaData schemaUrl="#praças_belem">
		<SimpleData name="element">way</SimpleData>
		<SimpleData name="id">172462131</SimpleData>
		<SimpleData name="leisure">park</SimpleData>
	</SchemaData></ExtendedData>
      <Polygon><outerBoundaryIs><LinearRing><coordinates>-48.4995485,-1.4491849 -48.4995104,-1.4491624 -48.4989947,-1.4488188 -48.4985027,-1.4485101 -48.4984069,-1.4484385 -48.4983947,-1.4484296 -48.4984527,-1.4483438 -48.4987481,-1.4479698 -48.4989079,-1.4480892 -48.4989684,-1.4481459 -48.4991723,-1.448337 -48.4997568,-1.4488848 -48.5005929,-1.449743 -48.50052,-1.4497432 -48.5003948,-1.4496954 -48.5000461,-1.4494969 -48.4995485,-1.4491849</coordinates></LinearRing></outerBoundaryIs></Polygon>
  </Placemark>
  <Placemark id="praças_belem.27">
	<name>Mangal das Garças</name>
	<Style><LineStyle><color>ff0000ff</color></LineStyle><PolyStyle><fill>0</fill></PolyStyle></Style>
	<ExtendedData><SchemaData schemaUrl="#praças_belem">
		<SimpleData name="element">way</SimpleData>
		<SimpleData name="id">173340782</SimpleData>
		<SimpleData name="leisure">park</SimpleData>
		<SimpleData name="contact:website">www.mangalpa.com.br</SimpleData>
		<SimpleData name="fee">no</SimpleData>
		<SimpleData name="opening_hours">PH,Tu-Su 07:00-18:00</SimpleData>
		<SimpleData name="tourism">attraction</SimpleData>
		<SimpleData name="wikidata">Q10323617</SimpleData>
		<SimpleData name="wikipedia">pt:Mangal das Garças</SimpleData>
		<SimpleData name="addr:city">Belém</SimpleData>
		<SimpleData name="addr:street">Passagem Carneiro da Rocha</SimpleData>
		<SimpleData name="addr:suburb">Cidade Velha</SimpleData>
		<SimpleData name="contact:phone">+55 91 3242 5052</SimpleData>
		<SimpleData name="nohousenumber">yes</SimpleData>
	</SchemaData></ExtendedData>
      <Polygon><outerBoundaryIs><LinearRing><coordinates>-48.5062202,-1.4666855 -48.5058667,-1.4665699 -48.5046331,-1.4661768 -48.5045789,-1.4661312 -48.5048155,-1.4650184 -48.5051451,-1.4636966 -48.5051524,-1.4636673 -48.5051601,-1.4636364 -48.5051724,-1.4636007 -48.5057314,-1.4637578 -48.5064706,-1.463955 -48.5065426,-1.4639765 -48.5065776,-1.4639337 -48.5066246,-1.4639067 -48.5067021,-1.4639344 -48.5068053,-1.4639712 -48.5068551,-1.4640228 -48.506879,-1.4640799 -48.5069104,-1.4641536 -48.5069011,-1.4642697 -48.5068606,-1.464513 -48.5068329,-1.4646954 -48.5067961,-1.4647691 -48.5067776,-1.4648797 -48.5067776,-1.4649663 -48.5067297,-1.4651598 -48.506667,-1.4652464 -48.5066283,-1.4653625 -48.5066007,-1.4654675 -48.5066081,-1.4655302 -48.5066246,-1.4655965 -48.5066062,-1.465685 -48.5065767,-1.4657587 -48.5065306,-1.4659061 -48.506514,-1.4660553 -48.5064864,-1.4661364 -48.5064458,-1.4662949 -48.5064108,-1.4663815 -48.506409,-1.4664681 -48.5063369,-1.4666054 -48.5062202,-1.4666855</coordinates></LinearRing></outerBoundaryIs></Polygon>
  </Placemark>
  <Placemark id="praças_belem.28">
	<name>Portal da Amazônia</name>
	<Style><LineStyle><color>ff0000ff</color></LineStyle><PolyStyle><fill>0</fill></PolyStyle></Style>
	<ExtendedData><SchemaData schemaUrl="#praças_belem">
		<SimpleData name="element">way</SimpleData>
		<SimpleData name="id">173340783</SimpleData>
		<SimpleData name="leisure">park</SimpleData>
	</SchemaData></ExtendedData>
      <Polygon><outerBoundaryIs><LinearRing><coordinates>-48.5063778,-1.467883 -48.5061367,-1.4684629 -48.5060025,-1.4687445 -48.505907,-1.4689532 -48.5057777,-1.4692072 -48.5057125,-1.4693441 -48.5054893,-1.4697015 -48.5051152,-1.4701576 -48.5050287,-1.4702416 -48.5043548,-1.4709739 -48.5034354,-1.4719096 -48.5031341,-1.4721813 -48.5027421,-1.4725076 -48.5018884,-1.4732051 -48.5013428,-1.4736173 -48.5011782,-1.4737778 -48.5009836,-1.473943 -48.5008316,-1.4740369 -48.5006404,-1.4741259 -48.5005147,-1.4741588 -48.5003539,-1.4741627 -48.5002459,-1.4741522 -48.500145,-1.4741156 -48.5000228,-1.4740525 -48.4999431,-1.4739983 -48.4997793,-1.4740713 -48.4999751,-1.4742786 -48.5001815,-1.4744099 -48.5003888,-1.4744143 -48.5005307,-1.4743876 -48.5006848,-1.4743166 -48.5014746,-1.4738579 -48.5020514,-1.4734466 -48.502505,-1.4730733 -48.5028898,-1.4727712 -48.5031275,-1.4725941 -48.5031148,-1.4725707 -48.5032179,-1.4724813 -48.5032416,-1.4725028 -48.5033851,-1.4723993 -48.5033579,-1.472368 -48.5034737,-1.4722771 -48.5038132,-1.4719516 -48.5047101,-1.4709353 -48.5050484,-1.4706158 -48.5051194,-1.4705383 -48.5051694,-1.4704837 -48.5052086,-1.4704493 -48.5054324,-1.470186 -48.5057599,-1.4698134 -48.5059399,-1.4695465 -48.5059857,-1.4694944 -48.5063531,-1.4686947 -48.5065364,-1.4682337 -48.5066167,-1.4680104 -48.5066285,-1.4678005 -48.5066016,-1.46756 -48.5066356,-1.4675278 -48.5065907,-1.4674847 -48.5065661,-1.467324 -48.5064053,-1.4669963 -48.5062955,-1.4668596 -48.5062202,-1.4666855 -48.5058667,-1.4665699 -48.505847,-1.4665951 -48.5061078,-1.4667444 -48.5062081,-1.4668484 -48.5062608,-1.466924 -48.506373,-1.4671328 -48.5064444,-1.4673828 -48.5064471,-1.4675802 -48.5064222,-1.4677493 -48.5063778,-1.467883</coordinates></LinearRing></outerBoundaryIs></Polygon>
  </Placemark>
  <Placemark id="praças_belem.29">
	<name>Praça Batista Campos</name>
	<Style><LineStyle><color>ff0000ff</color></LineStyle><PolyStyle><fill>0</fill></PolyStyle></Style>
	<ExtendedData><SchemaData schemaUrl="#praças_belem">
		<SimpleData name="element">way</SimpleData>
		<SimpleData name="id">184331561</SimpleData>
		<SimpleData name="leisure">park</SimpleData>
		<SimpleData name="wikidata">Q10353247</SimpleData>
		<SimpleData name="wikipedia">pt:Praça Batista Campos</SimpleData>
		<SimpleData name="heritage">2</SimpleData>
		<SimpleData name="heritage:operator">iphan</SimpleData>
	</SchemaData></ExtendedData>
      <Polygon><outerBoundaryIs><LinearRing><coordinates>-48.4909,-1.460307 -48.4898669,-1.46115 -48.4888498,-1.4598596 -48.4894424,-1.4589797 -48.48965,-1.4586925 -48.4902069,-1.4594265 -48.4909,-1.460307</coordinates></LinearRing></outerBoundaryIs></Polygon>
  </Placemark>
  <Placemark id="praças_belem.30">
	<name>Praça Dom Alberto Ramos</name>
	<Style><LineStyle><color>ff0000ff</color></LineStyle><PolyStyle><fill>0</fill></PolyStyle></Style>
	<ExtendedData><SchemaData schemaUrl="#praças_belem">
		<SimpleData name="element">way</SimpleData>
		<SimpleData name="id">185564791</SimpleData>
		<SimpleData name="leisure">park</SimpleData>
	</SchemaData></ExtendedData>
      <Polygon><outerBoundaryIs><LinearRing><coordinates>-48.4550179,-1.3975682 -48.4549534,-1.3988224 -48.4543416,-1.3987718 -48.4535895,-1.3987079 -48.4536606,-1.3975013 -48.4544264,-1.3975347 -48.4550179,-1.3975682</coordinates></LinearRing></outerBoundaryIs></Polygon>
  </Placemark>
  <Placemark id="praças_belem.31">
	<name>Parque da Cidade de Belém</name>
	<Style><LineStyle><color>ff0000ff</color></LineStyle><PolyStyle><fill>0</fill></PolyStyle></Style>
	<ExtendedData><SchemaData schemaUrl="#praças_belem">
		<SimpleData name="element">way</SimpleData>
		<SimpleData name="id">207073939</SimpleData>
		<SimpleData name="leisure">park</SimpleData>
		<SimpleData name="old_name">Antigo Aeroporto Júlio Cesar</SimpleData>
		<SimpleData name="opening_hours">08:00-22:00</SimpleData>
		<SimpleData name="access">yes</SimpleData>
		<SimpleData name="addr:city">Belém - PA</SimpleData>
		<SimpleData name="addr:postcode">68447-000</SimpleData>
		<SimpleData name="website">https://g1.globo.com/pa/para/noticia/2023/05/18/antiga-area-de-aeroporto-em-belem-dara-lugar-ao-novo-parque-da-cidade-anuncia-governo-do-para.ghtml</SimpleData>
		<SimpleData name="operator">Governo do Estado do Pará</SimpleData>
		<SimpleData name="addr:country">BR</SimpleData>
		<SimpleData name="name:en">Belém City Park</SimpleData>
		<SimpleData name="name:hu">Belém Városi Park</SimpleData>
		<SimpleData name="name:pt">Parque da Cidade de Belém</SimpleData>
		<SimpleData name="operator:type">government</SimpleData>
	</SchemaData></ExtendedData>
      <Polygon><outerBoundaryIs><LinearRing><coordinates>-48.4642406,-1.4104943 -48.4643492,-1.4105297 -48.4644525,-1.410576 -48.4645436,-1.4106451 -48.4646597,-1.4107591 -48.4647207,-1.4108697 -48.4647555,-1.4109675 -48.4647824,-1.4110426 -48.4647964,-1.4113335 -48.4647891,-1.4123136 -48.4648072,-1.4126615 -48.4647924,-1.4127446 -48.4647254,-1.4128774 -48.4647368,-1.4128777 -48.4647359,-1.4128949 -48.464729,-1.4131394 -48.4647265,-1.4132281 -48.4645922,-1.4132243 -48.4645675,-1.4132206 -48.4644907,-1.4132145 -48.4643586,-1.4133577 -48.4643563,-1.4133895 -48.464249,-1.4135001 -48.4642332,-1.4134934 -48.4641447,-1.4135732 -48.4641048,-1.4136104 -48.4640729,-1.4136452 -48.4643974,-1.4139679 -48.4644196,-1.4139952 -48.4644572,-1.4140297 -48.4644783,-1.4140082 -48.4645725,-1.4140887 -48.4641615,-1.4144989 -48.4638128,-1.4148455 -48.4637893,-1.4148247 -48.4637655,-1.4148492 -48.463739,-1.4148763 -48.4637198,-1.4149278 -48.4637075,-1.4149608 -48.4636351,-1.4150292 -48.4634285,-1.415237 -48.4629773,-1.4156962 -48.462768,-1.4154837 -48.4627546,-1.4154548 -48.462237,-1.4149346 -48.4618869,-1.4152832 -48.4615248,-1.4156466 -48.4619372,-1.4160488 -48.4619186,-1.4160684 -48.4618883,-1.4160997 -48.4619594,-1.4161574 -48.4621444,-1.4162713 -48.4623992,-1.4164282 -48.4623097,-1.4165242 -48.4615342,-1.4172876 -48.4604198,-1.4184486 -48.4599954,-1.4180334 -48.4595373,-1.4175852 -48.4589568,-1.418182 -48.4585418,-1.4186086 -48.4566842,-1.4204804 -48.4565541,-1.4203159 -48.4560986,-1.4197748 -48.4560657,-1.4197662 -48.4560357,-1.4197741 -48.4551948,-1.4205977 -48.4545082,-1.4212936 -48.4543996,-1.4213284 -48.4543097,-1.4212976 -48.4542587,-1.4212413 -48.4539436,-1.4200307 -48.4539101,-1.4199019 -48.4539302,-1.4197437 -48.4539758,-1.4196633 -48.4546369,-1.4189835 -48.4552109,-1.4184191 -48.4567411,-1.4168733 -48.4608474,-1.412681 -48.4611728,-1.4130142 -48.4614301,-1.4127539 -48.4611908,-1.4125192 -48.461188,-1.4123318 -48.4626641,-1.4108187 -48.4627104,-1.4108187 -48.4629934,-1.4106029 -48.463283,-1.4103958 -48.4633501,-1.4103763 -48.463452,-1.4103488 -48.4636498,-1.4103589 -48.4642406,-1.4104943</coordinates></LinearRing></outerBoundaryIs></Polygon>
  </Placemark>
  <Placemark id="praças_belem.32">
	<name>Parque Cemitério da Soledade</name>
	<Style><LineStyle><color>ff0000ff</color></LineStyle><PolyStyle><fill>0</fill></PolyStyle></Style>
	<ExtendedData><SchemaData schemaUrl="#praças_belem">
		<SimpleData name="element">way</SimpleData>
		<SimpleData name="id">233930600</SimpleData>
		<SimpleData name="leisure">park</SimpleData>
		<SimpleData name="alt_name">Cemitério da Soledad</SimpleData>
		<SimpleData name="opening_hours">Mo 07:00-19:00; Tu-Su off</SimpleData>
		<SimpleData name="addr:city">Belém</SimpleData>
		<SimpleData name="addr:housenumber">514</SimpleData>
		<SimpleData name="addr:street">Avenida Serzedelo Corrêa</SimpleData>
		<SimpleData name="addr:suburb">Batista Campos</SimpleData>
		<SimpleData name="heritage">2</SimpleData>
		<SimpleData name="heritage:operator">iphan</SimpleData>
		<SimpleData name="historic">heritage</SimpleData>
		<SimpleData name="iphan:classification">conj_arquitetônico</SimpleData>
		<SimpleData name="iphan:inscription_date">1963-01</SimpleData>
		<SimpleData name="iphan:status">tombado</SimpleData>
		<SimpleData name="iphan:tombo">AEP</SimpleData>
		<SimpleData name="ref:iphan">376</SimpleData>
		<SimpleData name="official_name">Cemitério de Nossa Senhora da Soledade</SimpleData>
	</SchemaData></ExtendedData>
      <Polygon><outerBoundaryIs><LinearRing><coordinates>-48.4906545,-1.4571602 -48.4894379,-1.4563203 -48.4886603,-1.4574263 -48.4899013,-1.4582673 -48.4902828,-1.4577381 -48.4906545,-1.4571602</coordinates></LinearRing></outerBoundaryIs></Polygon>
  </Placemark>
  <Placemark id="praças_belem.33">
	<name>Rua Curuçá</name>
	<Style><LineStyle><color>ff0000ff</color></LineStyle><PolyStyle><fill>0</fill></PolyStyle></Style>
	<ExtendedData><SchemaData schemaUrl="#praças_belem">
		<SimpleData name="element">way</SimpleData>
		<SimpleData name="id">255737286</SimpleData>
		<SimpleData name="leisure">park</SimpleData>
		<SimpleData name="highway">residential</SimpleData>
	</SchemaData></ExtendedData>
      <LineString><coordinates>-48.4820699,-1.4266181 -48.4820652,-1.4266027 -48.4820655,-1.4265886 -48.4820779,-1.4265668 -48.4821604,-1.4265099 -48.4821748,-1.4265037 -48.4821889,-1.4265042 -48.482199,-1.4265105 -48.4822211,-1.426539 -48.4823118,-1.4266999 -48.4823324,-1.4267309 -48.4823817,-1.4267904</coordinates></LineString>
  </Placemark>
  <Placemark id="praças_belem.34">
	<Style><LineStyle><color>ff0000ff</color></LineStyle><PolyStyle><fill>0</fill></PolyStyle></Style>
	<ExtendedData><SchemaData schemaUrl="#praças_belem">
		<SimpleData name="element">way</SimpleData>
		<SimpleData name="id">255737373</SimpleData>
		<SimpleData name="leisure">park</SimpleData>
	</SchemaData></ExtendedData>
      <Polygon><outerBoundaryIs><LinearRing><coordinates>-48.4806103,-1.4312574 -48.4802781,-1.4314925 -48.480589,-1.4320979 -48.4805886,-1.4313125 -48.4806103,-1.4312574</coordinates></LinearRing></outerBoundaryIs></Polygon>
  </Placemark>
  <Placemark id="praças_belem.35">
	<Style><LineStyle><color>ff0000ff</color></LineStyle><PolyStyle><fill>0</fill></PolyStyle></Style>
	<ExtendedData><SchemaData schemaUrl="#praças_belem">
		<SimpleData name="element">way</SimpleData>
		<SimpleData name="id">255737375</SimpleData>
		<SimpleData name="leisure">park</SimpleData>
	</SchemaData></ExtendedData>
      <Polygon><outerBoundaryIs><LinearRing><coordinates>-48.4786216,-1.4378465 -48.4784044,-1.4375059 -48.4783765,-1.4374668 -48.4783519,-1.4374235 -48.4783387,-1.4373776 -48.4783413,-1.4373358 -48.4783612,-1.437296 -48.4783852,-1.4372601 -48.4784177,-1.4372387 -48.4784583,-1.4372249 -48.4784945,-1.4372233 -48.4785481,-1.4372368 -48.4788746,-1.4373628 -48.478854,-1.4380019 -48.4788412,-1.4380193 -48.4788281,-1.4380306 -48.4788112,-1.4380318 -48.4787966,-1.4380261 -48.4787318,-1.4379825 -48.4786216,-1.4378465</coordinates></LinearRing></outerBoundaryIs></Polygon>
  </Placemark>
  <Placemark id="praças_belem.36">
	<name>Praça João Dias Paes (Praça do Jaú)</name>
	<Style><LineStyle><color>ff0000ff</color></LineStyle><PolyStyle><fill>0</fill></PolyStyle></Style>
	<ExtendedData><SchemaData schemaUrl="#praças_belem">
		<SimpleData name="element">way</SimpleData>
		<SimpleData name="id">255737376</SimpleData>
		<SimpleData name="leisure">park</SimpleData>
		<SimpleData name="addr:street">Avenida Senador Lemos</SimpleData>
	</SchemaData></ExtendedData>
      <Polygon><outerBoundaryIs><LinearRing><coordinates>-48.4806565,-1.418811 -48.4806503,-1.4187489 -48.4806302,-1.418694 -48.4805564,-1.4185936 -48.4803835,-1.4183736 -48.4798482,-1.4187621 -48.4798301,-1.4187752 -48.4800291,-1.4190922 -48.4801463,-1.4192483 -48.4801622,-1.4191906 -48.4802376,-1.4191451 -48.4806141,-1.4189179 -48.480649,-1.4188682 -48.4806565,-1.418811</coordinates></LinearRing></outerBoundaryIs></Polygon>
  </Placemark>
  <Placemark id="praças_belem.37">
	<name>Praça Eduardo Angelim</name>
	<Style><LineStyle><color>ff0000ff</color></LineStyle><PolyStyle><fill>0</fill></PolyStyle></Style>
	<ExtendedData><SchemaData schemaUrl="#praças_belem">
		<SimpleData name="element">way</SimpleData>
		<SimpleData name="id">255737377</SimpleData>
		<SimpleData name="leisure">park</SimpleData>
		<SimpleData name="addr:street">Travessa Alferes Costa</SimpleData>
	</SchemaData></ExtendedData>
      <Polygon><outerBoundaryIs><LinearRing><coordinates>-48.4693418,-1.4165889 -48.4696406,-1.4170873 -48.4690642,-1.4174571 -48.4689234,-1.4175421 -48.4687818,-1.4173651 -48.4686454,-1.4171798 -48.4686525,-1.4171339 -48.4686749,-1.417082 -48.4693418,-1.4165889</coordinates></LinearRing></outerBoundaryIs></Polygon>
  </Placemark>
  <Placemark id="praças_belem.38">
	<name>Praça do Carmo</name>
	<Style><LineStyle><color>ff0000ff</color></LineStyle><PolyStyle><fill>0</fill></PolyStyle></Style>
	<ExtendedData><SchemaData schemaUrl="#praças_belem">
		<SimpleData name="element">way</SimpleData>
		<SimpleData name="id">259858310</SimpleData>
		<SimpleData name="leisure">park</SimpleData>
		<SimpleData name="wikidata">Q116783385</SimpleData>
	</SchemaData></ExtendedData>
      <Polygon><outerBoundaryIs><LinearRing><coordinates>-48.5058517,-1.4577168 -48.5054457,-1.4577276 -48.505465,-1.4584583 -48.5058711,-1.4584476 -48.5058517,-1.4577168</coordinates></LinearRing></outerBoundaryIs></Polygon>
  </Placemark>
  <Placemark id="praças_belem.39">
	<name>Praça Dom Frei Caetano Brandão</name>
	<Style><LineStyle><color>ff0000ff</color></LineStyle><PolyStyle><fill>0</fill></PolyStyle></Style>
	<ExtendedData><SchemaData schemaUrl="#praças_belem">
		<SimpleData name="element">way</SimpleData>
		<SimpleData name="id">259862158</SimpleData>
		<SimpleData name="leisure">park</SimpleData>
		<SimpleData name="old_name">Largo da Sé</SimpleData>
		<SimpleData name="wikidata">Q10353275</SimpleData>
		<SimpleData name="wikipedia">pt:Praça Dom Frei Caetano Brandão</SimpleData>
		<SimpleData name="heritage">2</SimpleData>
		<SimpleData name="heritage:operator">iphan</SimpleData>
		<SimpleData name="historic">heritage</SimpleData>
		<SimpleData name="iphan:classification">conj_arquitetônico</SimpleData>
		<SimpleData name="iphan:inscription_date">1964-07</SimpleData>
		<SimpleData name="iphan:status">tombado</SimpleData>
		<SimpleData name="iphan:tombo">AEP</SimpleData>
		<SimpleData name="ref:iphan">739</SimpleData>
	</SchemaData></ExtendedData>
      <Polygon><outerBoundaryIs><LinearRing><coordinates>-48.5056155,-1.4555949 -48.5056042,-1.4554182 -48.5055793,-1.4550257 -48.5053465,-1.4550215 -48.5051527,-1.4550027 -48.5050557,-1.4549942 -48.5050187,-1.4549968 -48.5049169,-1.4550041 -48.5048008,-1.4550437 -48.5047515,-1.4551955 -48.5047161,-1.4553145 -48.5046633,-1.4556063 -48.5047345,-1.455662 -48.5048209,-1.4556875 -48.5050392,-1.4557522 -48.5056262,-1.4558345 -48.5056155,-1.4555949</coordinates></LinearRing></outerBoundaryIs></Polygon>
  </Placemark>
  <Placemark id="praças_belem.40">
	<name>Praça Siqueira Campos</name>
	<Style><LineStyle><color>ff0000ff</color></LineStyle><PolyStyle><fill>0</fill></PolyStyle></Style>
	<ExtendedData><SchemaData schemaUrl="#praças_belem">
		<SimpleData name="element">way</SimpleData>
		<SimpleData name="id">259862291</SimpleData>
		<SimpleData name="leisure">park</SimpleData>
		<SimpleData name="wikidata">Q10353375</SimpleData>
		<SimpleData name="wikipedia">pt:Praça Siqueira Campos</SimpleData>
		<SimpleData name="loc_name">Praça do Relógio</SimpleData>
	</SchemaData></ExtendedData>
      <Polygon><outerBoundaryIs><LinearRing><coordinates>-48.5035904,-1.453718 -48.5035555,-1.453703 -48.5035153,-1.4537047 -48.5034835,-1.4537283 -48.5032602,-1.4540022 -48.5032495,-1.4540256 -48.503248,-1.4540518 -48.5032544,-1.4540773 -48.5032678,-1.4540964 -48.503541,-1.4543065 -48.5035849,-1.4543055 -48.5036238,-1.4542787 -48.5036537,-1.4542485 -48.5038152,-1.4540023 -48.5038263,-1.4539752 -48.5038287,-1.4539455 -48.5038213,-1.4539153 -48.5038016,-1.45389 -48.5035904,-1.453718</coordinates></LinearRing></outerBoundaryIs></Polygon>
  </Placemark>
  <Placemark id="praças_belem.41">
	<name>Praça Dom Pedro 2</name>
	<Style><LineStyle><color>ff0000ff</color></LineStyle><PolyStyle><fill>0</fill></PolyStyle></Style>
	<ExtendedData><SchemaData schemaUrl="#praças_belem">
		<SimpleData name="element">way</SimpleData>
		<SimpleData name="id">259862336</SimpleData>
		<SimpleData name="leisure">park</SimpleData>
	</SchemaData></ExtendedData>
      <Polygon><outerBoundaryIs><LinearRing><coordinates>-48.5041598,-1.4550058 -48.5039815,-1.4552973 -48.5038179,-1.4555614 -48.5035356,-1.4560254 -48.5035005,-1.4560824 -48.5029014,-1.4557461 -48.5021617,-1.4552999 -48.5022166,-1.4552383 -48.5024242,-1.4549709 -48.5031166,-1.4540959 -48.5031455,-1.4540567 -48.5036036,-1.4544381 -48.5036054,-1.4545983 -48.5039062,-1.4548194 -48.5041598,-1.4550058</coordinates></LinearRing></outerBoundaryIs></Polygon>
  </Placemark>
  <Placemark id="praças_belem.42">
	<name>Orla do Setor Profissional</name>
	<Style><LineStyle><color>ff0000ff</color></LineStyle><PolyStyle><fill>0</fill></PolyStyle></Style>
	<ExtendedData><SchemaData schemaUrl="#praças_belem">
		<SimpleData name="element">way</SimpleData>
		<SimpleData name="id">259879500</SimpleData>
		<SimpleData name="leisure">park</SimpleData>
		<SimpleData name="landuse">greenfield</SimpleData>
	</SchemaData></ExtendedData>
      <Polygon><outerBoundaryIs><LinearRing><coordinates>-48.4535879,-1.4760553 -48.4535149,-1.4761117 -48.4533642,-1.4761516 -48.45309,-1.4761351 -48.4528069,-1.476064 -48.4527425,-1.4760311 -48.4526099,-1.4759745 -48.4492743,-1.4742698 -48.4491245,-1.4741265 -48.4490238,-1.4739181 -48.4489331,-1.4741485 -48.4490565,-1.4742926 -48.4494422,-1.4744982 -48.4496462,-1.4746145 -48.4498752,-1.4747452 -48.4500751,-1.4748591 -48.450433,-1.4750632 -48.4512797,-1.4754892 -48.4521288,-1.4759163 -48.4526037,-1.4761579 -48.4535089,-1.4766045 -48.4536615,-1.4765038 -48.4539729,-1.4760569 -48.4540741,-1.4759554 -48.4540048,-1.4758978 -48.4539053,-1.4758472 -48.4538926,-1.4758368 -48.4538729,-1.4758599 -48.4538457,-1.4758566 -48.4538291,-1.475858 -48.4538094,-1.4758621 -48.4537927,-1.4758719 -48.4537038,-1.4759708 -48.4535879,-1.4760553</coordinates></LinearRing></outerBoundaryIs></Polygon>
  </Placemark>
  <Placemark id="praças_belem.43">
	<name>Orla de Icoarací</name>
	<Style><LineStyle><color>ff0000ff</color></LineStyle><PolyStyle><fill>0</fill></PolyStyle></Style>
	<ExtendedData><SchemaData schemaUrl="#praças_belem">
		<SimpleData name="element">way</SimpleData>
		<SimpleData name="id">265732579</SimpleData>
		<SimpleData name="leisure">park</SimpleData>
		<SimpleData name="source">local knowledge</SimpleData>
	</SchemaData></ExtendedData>
      <Polygon><outerBoundaryIs><LinearRing><coordinates>-48.4895219,-1.3011774 -48.489626,-1.2996666 -48.489932,-1.2952268 -48.4899007,-1.2951279 -48.4898965,-1.2948809 -48.4898757,-1.2948427 -48.4897053,-1.2947899 -48.4896911,-1.2947556 -48.4879941,-1.2942723 -48.48751,-1.2941228 -48.4874082,-1.2940434 -48.4869914,-1.2938802 -48.4868726,-1.2939077 -48.4859224,-1.2936232 -48.4858994,-1.2935377 -48.4866652,-1.2937513 -48.4867893,-1.2937482 -48.4869801,-1.2937434 -48.4883444,-1.2942118 -48.4897138,-1.2946711 -48.4897819,-1.2946878 -48.4898514,-1.2946627 -48.4899614,-1.2946476 -48.4900336,-1.294681 -48.4900831,-1.2947886 -48.4901065,-1.294927 -48.4901248,-1.2952891 -48.4901369,-1.2958918 -48.4902024,-1.2961934 -48.4902515,-1.2963718 -48.4901984,-1.2966199 -48.4900496,-1.2968679 -48.4902837,-1.2978778 -48.4904068,-1.2978957 -48.4903988,-1.2979532 -48.4902758,-1.2979592 -48.4900436,-1.2983203 -48.4900257,-1.2986298 -48.4900419,-1.2986647 -48.4900486,-1.2986837 -48.4900582,-1.2987011 -48.4901726,-1.298985 -48.4902301,-1.2991675 -48.4901131,-1.2996873 -48.4901766,-1.3000722 -48.4902401,-1.300346 -48.4900912,-1.3011119 -48.4895219,-1.3011774</coordinates></LinearRing></outerBoundaryIs></Polygon>
  </Placemark>
  <Placemark id="praças_belem.44">
	<name>Praça Felipe Patroni</name>
	<Style><LineStyle><color>ff0000ff</color></LineStyle><PolyStyle><fill>0</fill></PolyStyle></Style>
	<ExtendedData><SchemaData schemaUrl="#praças_belem">
		<SimpleData name="element">way</SimpleData>
		<SimpleData name="id">265732581</SimpleData>
		<SimpleData name="leisure">park</SimpleData>
	</SchemaData></ExtendedData>
      <Polygon><outerBoundaryIs><LinearRing><coordinates>-48.5017733,-1.4566472 -48.5013981,-1.4564212 -48.5013054,-1.4563647 -48.5014963,-1.4561331 -48.5015412,-1.4560818 -48.5017226,-1.4558749 -48.5025147,-1.4563956 -48.5022075,-1.4569231 -48.5017733,-1.4566472</coordinates></LinearRing></outerBoundaryIs></Polygon>
  </Placemark>
  <Placemark id="praças_belem.45">
	<name>Praça Maestro Waldemar Henrique</name>
	<Style><LineStyle><color>ff0000ff</color></LineStyle><PolyStyle><fill>0</fill></PolyStyle></Style>
	<ExtendedData><SchemaData schemaUrl="#praças_belem">
		<SimpleData name="element">way</SimpleData>
		<SimpleData name="id">265732582</SimpleData>
		<SimpleData name="leisure">park</SimpleData>
		<SimpleData name="surface">concrete:lanes</SimpleData>
	</SchemaData></ExtendedData>
      <Polygon><outerBoundaryIs><LinearRing><coordinates>-48.4966011,-1.4467513 -48.4967463,-1.4464582 -48.496872,-1.4462484 -48.4969125,-1.4462008 -48.4969682,-1.4461609 -48.4969833,-1.446156 -48.4970168,-1.4461452 -48.4970614,-1.4461479 -48.4971163,-1.4461557 -48.4975952,-1.4467987 -48.4978255,-1.4470602 -48.498055,-1.4473208 -48.4976639,-1.4477478 -48.4971392,-1.4472549 -48.4968605,-1.4469941 -48.4966011,-1.4467513</coordinates></LinearRing></outerBoundaryIs></Polygon>
  </Placemark>
  <Placemark id="praças_belem.46">
	<name>Praça Justo Chemont</name>
	<Style><LineStyle><color>ff0000ff</color></LineStyle><PolyStyle><fill>0</fill></PolyStyle></Style>
	<ExtendedData><SchemaData schemaUrl="#praças_belem">
		<SimpleData name="element">way</SimpleData>
		<SimpleData name="id">265732592</SimpleData>
		<SimpleData name="leisure">park</SimpleData>
	</SchemaData></ExtendedData>
      <Polygon><outerBoundaryIs><LinearRing><coordinates>-48.4827923,-1.45225 -48.4827635,-1.4529666 -48.4814219,-1.4529082 -48.4814243,-1.4528581 -48.4814619,-1.4522177 -48.4821535,-1.4522236 -48.4827923,-1.45225</coordinates></LinearRing></outerBoundaryIs></Polygon>
  </Placemark>
  <Placemark id="praças_belem.47">
	<name>Parque da Residência</name>
	<Style><LineStyle><color>ff0000ff</color></LineStyle><PolyStyle><fill>0</fill></PolyStyle></Style>
	<ExtendedData><SchemaData schemaUrl="#praças_belem">
		<SimpleData name="element">way</SimpleData>
		<SimpleData name="id">265734063</SimpleData>
		<SimpleData name="leisure">park</SimpleData>
		<SimpleData name="wikidata">Q10345448</SimpleData>
		<SimpleData name="wikipedia">pt:Parque da Residência</SimpleData>
	</SchemaData></ExtendedData>
      <Polygon><outerBoundaryIs><LinearRing><coordinates>-48.4730317,-1.4516709 -48.4725075,-1.4516896 -48.4724684,-1.4517782 -48.4730091,-1.4518128 -48.4729705,-1.4536146 -48.4734821,-1.4536202 -48.4734923,-1.4534188 -48.4734957,-1.4533508 -48.4735523,-1.453352 -48.4735477,-1.4532786 -48.4736149,-1.4532184 -48.4739139,-1.4532499 -48.4739319,-1.4532948 -48.4739831,-1.4532972 -48.473998,-1.4531526 -48.4739824,-1.4531059 -48.4735325,-1.4530918 -48.473538,-1.4529876 -48.4735363,-1.4529299 -48.4735386,-1.4528843 -48.4735412,-1.4528419 -48.473509,-1.4528371 -48.4735142,-1.4527867 -48.4734923,-1.4518437 -48.4734948,-1.4517672 -48.4734984,-1.4517069 -48.4730317,-1.4516709</coordinates></LinearRing></outerBoundaryIs></Polygon>
  </Placemark>
  <Placemark id="praças_belem.48">
	<name>Praça da Leitura</name>
	<Style><LineStyle><color>ff0000ff</color></LineStyle><PolyStyle><fill>0</fill></PolyStyle></Style>
	<ExtendedData><SchemaData schemaUrl="#praças_belem">
		<SimpleData name="element">way</SimpleData>
		<SimpleData name="id">265734064</SimpleData>
		<SimpleData name="leisure">park</SimpleData>
	</SchemaData></ExtendedData>
      <Polygon><outerBoundaryIs><LinearRing><coordinates>-48.4668412,-1.4484218 -48.4675844,-1.4484537 -48.4676142,-1.4484693 -48.46764,-1.4484936 -48.4676466,-1.4485275 -48.4676483,-1.4485616 -48.4676339,-1.4494957 -48.4676205,-1.4495741 -48.467596,-1.4496124 -48.4675503,-1.4496365 -48.4668324,-1.4485086 -48.4668412,-1.4484218</coordinates></LinearRing></outerBoundaryIs></Polygon>
  </Placemark>
  <Placemark id="praças_belem.49">
	<name>Praça do Operário</name>
	<Style><LineStyle><color>ff0000ff</color></LineStyle><PolyStyle><fill>0</fill></PolyStyle></Style>
	<ExtendedData><SchemaData schemaUrl="#praças_belem">
		<SimpleData name="element">way</SimpleData>
		<SimpleData name="id">265734065</SimpleData>
		<SimpleData name="leisure">park</SimpleData>
		<SimpleData name="addr:city">Belém</SimpleData>
		<SimpleData name="addr:suburb">São Brás</SimpleData>
	</SchemaData></ExtendedData>
      <Polygon><outerBoundaryIs><LinearRing><coordinates>-48.4666705,-1.4488624 -48.4673464,-1.4497989 -48.4665057,-1.449769 -48.4664829,-1.4497559 -48.4664687,-1.4497255 -48.4664733,-1.4496821 -48.4665017,-1.4496399 -48.4666225,-1.4495267 -48.4666705,-1.4488624</coordinates></LinearRing></outerBoundaryIs></Polygon>
  </Placemark>
  <Placemark id="praças_belem.50">
	<name>Ver-o-Rio</name>
	<Style><LineStyle><color>ff0000ff</color></LineStyle><PolyStyle><fill>0</fill></PolyStyle></Style>
	<ExtendedData><SchemaData schemaUrl="#praças_belem">
		<SimpleData name="element">way</SimpleData>
		<SimpleData name="id">265734069</SimpleData>
		<SimpleData name="leisure">park</SimpleData>
		<SimpleData name="wikidata">Q10389749</SimpleData>
	</SchemaData></ExtendedData>
      <Polygon><outerBoundaryIs><LinearRing><coordinates>-48.4929918,-1.4349378 -48.4931197,-1.4358629 -48.4931476,-1.4360547 -48.4932143,-1.4361689 -48.4933055,-1.4362427 -48.4933843,-1.4367045 -48.494499,-1.4364873 -48.4943975,-1.4361792 -48.4940118,-1.4362871 -48.493929,-1.4361751 -48.494093,-1.4361121 -48.4940617,-1.4360775 -48.4940791,-1.4359741 -48.4940047,-1.4359333 -48.4938326,-1.4359907 -48.4933339,-1.4352988 -48.4936052,-1.4351133 -48.4936359,-1.4350984 -48.4936845,-1.4350698 -48.4938591,-1.434975 -48.4937921,-1.4348714 -48.4935499,-1.4350004 -48.493471,-1.4350173 -48.4934512,-1.4349604 -48.4932762,-1.435055 -48.4932703,-1.4349726 -48.4931831,-1.4348663 -48.4929918,-1.4349378</coordinates></LinearRing></outerBoundaryIs></Polygon>
  </Placemark>
  <Placemark id="praças_belem.51">
	<name>Praça Dalcídio Jurandir</name>
	<Style><LineStyle><color>ff0000ff</color></LineStyle><PolyStyle><fill>0</fill></PolyStyle></Style>
	<ExtendedData><SchemaData schemaUrl="#praças_belem">
		<SimpleData name="element">way</SimpleData>
		<SimpleData name="id">265804029</SimpleData>
		<SimpleData name="leisure">park</SimpleData>
		<SimpleData name="addr:street">Travessa 9 de Janeiro</SimpleData>
		<SimpleData name="source">Bing</SimpleData>
	</SchemaData></ExtendedData>
      <Polygon><outerBoundaryIs><LinearRing><coordinates>-48.4766144,-1.4635723 -48.4766244,-1.4635954 -48.4766011,-1.4639655 -48.47652,-1.4639907 -48.4752433,-1.4639054 -48.4752429,-1.4634456 -48.4752498,-1.4632472 -48.4759892,-1.4633227 -48.476046,-1.4633677 -48.4764715,-1.4634579 -48.4764755,-1.4635511 -48.4766144,-1.4635723</coordinates></LinearRing></outerBoundaryIs></Polygon>
  </Placemark>
  <Placemark id="praças_belem.52">
	<name>Praça Brasil</name>
	<Style><LineStyle><color>ff0000ff</color></LineStyle><PolyStyle><fill>0</fill></PolyStyle></Style>
	<ExtendedData><SchemaData schemaUrl="#praças_belem">
		<SimpleData name="element">way</SimpleData>
		<SimpleData name="id">306033181</SimpleData>
		<SimpleData name="leisure">park</SimpleData>
		<SimpleData name="old_name">Praça Brasil</SimpleData>
		<SimpleData name="addr:street">Travessa Dom Pedro I</SimpleData>
	</SchemaData></ExtendedData>
      <Polygon><outerBoundaryIs><LinearRing><coordinates>-48.4874485,-1.4371008 -48.4860872,-1.4377065 -48.4860391,-1.4385255 -48.4862168,-1.4384429 -48.4877331,-1.4376222 -48.4876181,-1.437409 -48.4875864,-1.4373598 -48.4874485,-1.4371008</coordinates></LinearRing></outerBoundaryIs></Polygon>
  </Placemark>
  <Placemark id="praças_belem.53">
	<name>Praça Milton Trindade</name>
	<Style><LineStyle><color>ff0000ff</color></LineStyle><PolyStyle><fill>0</fill></PolyStyle></Style>
	<ExtendedData><SchemaData schemaUrl="#praças_belem">
		<SimpleData name="element">way</SimpleData>
		<SimpleData name="id">330470350</SimpleData>
		<SimpleData name="leisure">park</SimpleData>
		<SimpleData name="alt_name">Horto Municipal</SimpleData>
		<SimpleData name="wikidata">Q111922318</SimpleData>
	</SchemaData></ExtendedData>
      <Polygon><outerBoundaryIs><LinearRing><coordinates>-48.4875493,-1.4584241 -48.4875193,-1.4582962 -48.4870733,-1.4575997 -48.48703,-1.4574839 -48.4870133,-1.4573819 -48.486773,-1.4585047 -48.4874706,-1.4585096 -48.4875231,-1.4584941 -48.4875437,-1.4584645 -48.4875493,-1.4584241</coordinates></LinearRing></outerBoundaryIs></Polygon>
  </Placemark>
  <Placemark id="praças_belem.54">
	<Style><LineStyle><color>ff0000ff</color></LineStyle><PolyStyle><fill>0</fill></PolyStyle></Style>
	<ExtendedData><SchemaData schemaUrl="#praças_belem">
		<SimpleData name="element">way</SimpleData>
		<SimpleData name="id">350451469</SimpleData>
		<SimpleData name="leisure">park</SimpleData>
	</SchemaData></ExtendedData>
      <Polygon><outerBoundaryIs><LinearRing><coordinates>-48.4437358,-1.4078433 -48.4437862,-1.4077798 -48.4439128,-1.4076131 -48.4442413,-1.4079595 -48.4437358,-1.4078433</coordinates></LinearRing></outerBoundaryIs></Polygon>
  </Placemark>
  <Placemark id="praças_belem.55">
	<name>Praça Cleide Moraes</name>
	<Style><LineStyle><color>ff0000ff</color></LineStyle><PolyStyle><fill>0</fill></PolyStyle></Style>
	<ExtendedData><SchemaData schemaUrl="#praças_belem">
		<SimpleData name="element">way</SimpleData>
		<SimpleData name="id">351293578</SimpleData>
		<SimpleData name="leisure">park</SimpleData>
		<SimpleData name="old_name">Praça Amazonas</SimpleData>
	</SchemaData></ExtendedData>
      <Polygon><outerBoundaryIs><LinearRing><coordinates>-48.4962009,-1.462961 -48.4963132,-1.4630748 -48.496794,-1.4635448 -48.4965586,-1.463775 -48.4963277,-1.4640186 -48.496127,-1.4642388 -48.4959311,-1.4633251 -48.4960952,-1.4630864 -48.4962009,-1.462961</coordinates></LinearRing></outerBoundaryIs></Polygon>
  </Placemark>
  <Placemark id="praças_belem.56">
	<name>Praça Oswaldo Cruz</name>
	<Style><LineStyle><color>ff0000ff</color></LineStyle><PolyStyle><fill>0</fill></PolyStyle></Style>
	<ExtendedData><SchemaData schemaUrl="#praças_belem">
		<SimpleData name="element">way</SimpleData>
		<SimpleData name="id">351293579</SimpleData>
		<SimpleData name="leisure">park</SimpleData>
	</SchemaData></ExtendedData>
      <Polygon><outerBoundaryIs><LinearRing><coordinates>-48.496063,-1.4630172 -48.4959804,-1.4628102 -48.4957474,-1.4625668 -48.4952503,-1.4630749 -48.4951707,-1.4631149 -48.4951232,-1.4631256 -48.4950718,-1.4631311 -48.4950287,-1.4631322 -48.494985,-1.4631269 -48.4952168,-1.4633875 -48.495318,-1.4634892 -48.4953656,-1.4635176 -48.4954172,-1.4635302 -48.4955212,-1.4635196 -48.4956228,-1.4635032 -48.4957324,-1.4634616 -48.4959105,-1.463303 -48.4960657,-1.4630888 -48.496063,-1.4630172</coordinates></LinearRing></outerBoundaryIs></Polygon>
  </Placemark>
  <Placemark id="praças_belem.57">
	<Style><LineStyle><color>ff0000ff</color></LineStyle><PolyStyle><fill>0</fill></PolyStyle></Style>
	<ExtendedData><SchemaData schemaUrl="#praças_belem">
		<SimpleData name="element">way</SimpleData>
		<SimpleData name="id">352169029</SimpleData>
		<SimpleData name="leisure">park</SimpleData>
		<SimpleData name="source">Bing</SimpleData>
	</SchemaData></ExtendedData>
      <Polygon><outerBoundaryIs><LinearRing><coordinates>-48.4906123,-1.4723326 -48.4904614,-1.4727137 -48.4903781,-1.4728939 -48.4903475,-1.4730164 -48.4904823,-1.4728993 -48.4905557,-1.4727977 -48.4906484,-1.4726379 -48.4907516,-1.4724267 -48.4906123,-1.4723326</coordinates></LinearRing></outerBoundaryIs></Polygon>
  </Placemark>
  <Placemark id="praças_belem.58">
	<Style><LineStyle><color>ff0000ff</color></LineStyle><PolyStyle><fill>0</fill></PolyStyle></Style>
	<ExtendedData><SchemaData schemaUrl="#praças_belem">
		<SimpleData name="element">way</SimpleData>
		<SimpleData name="id">352420177</SimpleData>
		<SimpleData name="leisure">park</SimpleData>
	</SchemaData></ExtendedData>
      <Polygon><outerBoundaryIs><LinearRing><coordinates>-48.5020006,-1.4719761 -48.5017601,-1.471781 -48.5017108,-1.4717379 -48.5015162,-1.4716063 -48.5014586,-1.4716601 -48.5016236,-1.4718636 -48.5016771,-1.4719502 -48.5022395,-1.4725024 -48.5023704,-1.472395 -48.5020006,-1.4719761</coordinates></LinearRing></outerBoundaryIs></Polygon>
  </Placemark>
  <Placemark id="praças_belem.59">
	<name>Praça Almirante Tamandaré</name>
	<Style><LineStyle><color>ff0000ff</color></LineStyle><PolyStyle><fill>0</fill></PolyStyle></Style>
	<ExtendedData><SchemaData schemaUrl="#praças_belem">
		<SimpleData name="element">way</SimpleData>
		<SimpleData name="id">352420190</SimpleData>
		<SimpleData name="leisure">park</SimpleData>
	</SchemaData></ExtendedData>
      <Polygon><outerBoundaryIs><LinearRing><coordinates>-48.5042163,-1.4626945 -48.5037354,-1.4625963 -48.5035623,-1.4630251 -48.5035051,-1.463175 -48.5035547,-1.4631949 -48.5038593,-1.4632753 -48.5040447,-1.463329 -48.5042163,-1.4626945</coordinates></LinearRing></outerBoundaryIs></Polygon>
  </Placemark>
  <Placemark id="praças_belem.60">
	<name>Praça do Arsenal</name>
	<Style><LineStyle><color>ff0000ff</color></LineStyle><PolyStyle><fill>0</fill></PolyStyle></Style>
	<ExtendedData><SchemaData schemaUrl="#praças_belem">
		<SimpleData name="element">way</SimpleData>
		<SimpleData name="id">352420191</SimpleData>
		<SimpleData name="leisure">park</SimpleData>
	</SchemaData></ExtendedData>
      <Polygon><outerBoundaryIs><LinearRing><coordinates>-48.5042002,-1.4625805 -48.5035815,-1.4621229 -48.5036499,-1.4616182 -48.5042926,-1.4620982 -48.5043142,-1.462151 -48.5042002,-1.4625805</coordinates></LinearRing></outerBoundaryIs></Polygon>
  </Placemark>
  <Placemark id="praças_belem.61">
	<Style><LineStyle><color>ff0000ff</color></LineStyle><PolyStyle><fill>0</fill></PolyStyle></Style>
	<ExtendedData><SchemaData schemaUrl="#praças_belem">
		<SimpleData name="element">way</SimpleData>
		<SimpleData name="id">352867459</SimpleData>
		<SimpleData name="leisure">park</SimpleData>
		<SimpleData name="surface">ground</SimpleData>
	</SchemaData></ExtendedData>
      <Polygon><outerBoundaryIs><LinearRing><coordinates>-48.4338493,-1.3318576 -48.4339253,-1.331479 -48.4337363,-1.3314399 -48.4336647,-1.3318191 -48.4338493,-1.3318576</coordinates></LinearRing></outerBoundaryIs></Polygon>
  </Placemark>
  <Placemark id="praças_belem.62">
	<Style><LineStyle><color>ff0000ff</color></LineStyle><PolyStyle><fill>0</fill></PolyStyle></Style>
	<ExtendedData><SchemaData schemaUrl="#praças_belem">
		<SimpleData name="element">way</SimpleData>
		<SimpleData name="id">352867462</SimpleData>
		<SimpleData name="leisure">park</SimpleData>
	</SchemaData></ExtendedData>
      <Polygon><outerBoundaryIs><LinearRing><coordinates>-48.4379769,-1.3352715 -48.4379261,-1.3355355 -48.4373895,-1.3354219 -48.4374391,-1.3351527 -48.4379769,-1.3352715</coordinates></LinearRing></outerBoundaryIs></Polygon>
  </Placemark>
  <Placemark id="praças_belem.63">
	<Style><LineStyle><color>ff0000ff</color></LineStyle><PolyStyle><fill>0</fill></PolyStyle></Style>
	<ExtendedData><SchemaData schemaUrl="#praças_belem">
		<SimpleData name="element">way</SimpleData>
		<SimpleData name="id">352867469</SimpleData>
		<SimpleData name="leisure">park</SimpleData>
		<SimpleData name="source">Bing</SimpleData>
	</SchemaData></ExtendedData>
      <Polygon><outerBoundaryIs><LinearRing><coordinates>-48.4473267,-1.3431683 -48.4475262,-1.3423162 -48.4465023,-1.3421323 -48.4464157,-1.3425777 -48.4463746,-1.3429767 -48.4473267,-1.3431683</coordinates></LinearRing></outerBoundaryIs></Polygon>
  </Placemark>
  <Placemark id="praças_belem.64">
	<name>Praça Menino Deus</name>
	<Style><LineStyle><color>ff0000ff</color></LineStyle><PolyStyle><fill>0</fill></PolyStyle></Style>
	<ExtendedData><SchemaData schemaUrl="#praças_belem">
		<SimpleData name="element">way</SimpleData>
		<SimpleData name="id">352867470</SimpleData>
		<SimpleData name="leisure">park</SimpleData>
		<SimpleData name="access">yes</SimpleData>
		<SimpleData name="addr:city">Belém</SimpleData>
		<SimpleData name="addr:street">Alameda NS 27</SimpleData>
		<SimpleData name="addr:suburb">Coqueiro</SimpleData>
	</SchemaData></ExtendedData>
      <Polygon><outerBoundaryIs><LinearRing><coordinates>-48.4350686,-1.3317178 -48.4348059,-1.3316622 -48.4347277,-1.3320313 -48.4349904,-1.3320869 -48.4350686,-1.3317178</coordinates></LinearRing></outerBoundaryIs></Polygon>
  </Placemark>
  <Placemark id="praças_belem.65">
	<Style><LineStyle><color>ff0000ff</color></LineStyle><PolyStyle><fill>0</fill></PolyStyle></Style>
	<ExtendedData><SchemaData schemaUrl="#praças_belem">
		<SimpleData name="element">way</SimpleData>
		<SimpleData name="id">352867471</SimpleData>
		<SimpleData name="leisure">park</SimpleData>
		<SimpleData name="source">Bing</SimpleData>
	</SchemaData></ExtendedData>
      <Polygon><outerBoundaryIs><LinearRing><coordinates>-48.4386288,-1.3401561 -48.4386993,-1.3397305 -48.4385382,-1.3397038 -48.4384676,-1.3401294 -48.4386288,-1.3401561</coordinates></LinearRing></outerBoundaryIs></Polygon>
  </Placemark>
  <Placemark id="praças_belem.66">
	<Style><LineStyle><color>ff0000ff</color></LineStyle><PolyStyle><fill>0</fill></PolyStyle></Style>
	<ExtendedData><SchemaData schemaUrl="#praças_belem">
		<SimpleData name="element">way</SimpleData>
		<SimpleData name="id">352867472</SimpleData>
		<SimpleData name="leisure">park</SimpleData>
	</SchemaData></ExtendedData>
      <Polygon><outerBoundaryIs><LinearRing><coordinates>-48.4423641,-1.3398594 -48.4422822,-1.3403415 -48.4419352,-1.3402812 -48.4415263,-1.3402101 -48.4416126,-1.3397251 -48.44196,-1.3397872 -48.4423641,-1.3398594</coordinates></LinearRing></outerBoundaryIs></Polygon>
  </Placemark>
  <Placemark id="praças_belem.67">
	<Style><LineStyle><color>ff0000ff</color></LineStyle><PolyStyle><fill>0</fill></PolyStyle></Style>
	<ExtendedData><SchemaData schemaUrl="#praças_belem">
		<SimpleData name="element">way</SimpleData>
		<SimpleData name="id">352867473</SimpleData>
		<SimpleData name="leisure">park</SimpleData>
	</SchemaData></ExtendedData>
      <Polygon><outerBoundaryIs><LinearRing><coordinates>-48.4412104,-1.3359449 -48.4406552,-1.3358301 -48.4401367,-1.3357229 -48.44009,-1.335986 -48.4406044,-1.3360934 -48.4411585,-1.3362091 -48.4412104,-1.3359449</coordinates></LinearRing></outerBoundaryIs></Polygon>
  </Placemark>
  <Placemark id="praças_belem.68">
	<Style><LineStyle><color>ff0000ff</color></LineStyle><PolyStyle><fill>0</fill></PolyStyle></Style>
	<ExtendedData><SchemaData schemaUrl="#praças_belem">
		<SimpleData name="element">way</SimpleData>
		<SimpleData name="id">352867474</SimpleData>
		<SimpleData name="leisure">park</SimpleData>
	</SchemaData></ExtendedData>
      <Polygon><outerBoundaryIs><LinearRing><coordinates>-48.4481985,-1.3413704 -48.4482751,-1.3409164 -48.4479807,-1.3408638 -48.4476847,-1.3408108 -48.447601,-1.3412665 -48.4479169,-1.3413214 -48.4481985,-1.3413704</coordinates></LinearRing></outerBoundaryIs></Polygon>
  </Placemark>
  <Placemark id="praças_belem.69">
	<Style><LineStyle><color>ff0000ff</color></LineStyle><PolyStyle><fill>0</fill></PolyStyle></Style>
	<ExtendedData><SchemaData schemaUrl="#praças_belem">
		<SimpleData name="element">way</SimpleData>
		<SimpleData name="id">352867475</SimpleData>
		<SimpleData name="leisure">park</SimpleData>
		<SimpleData name="source">Bing</SimpleData>
	</SchemaData></ExtendedData>
      <Polygon><outerBoundaryIs><LinearRing><coordinates>-48.4387415,-1.3387401 -48.4388678,-1.3387599 -48.4387974,-1.339209 -48.4386712,-1.3391893 -48.4387415,-1.3387401</coordinates></LinearRing></outerBoundaryIs></Polygon>
  </Placemark>
  <Placemark id="praças_belem.70">
	<Style><LineStyle><color>ff0000ff</color></LineStyle><PolyStyle><fill>0</fill></PolyStyle></Style>
	<ExtendedData><SchemaData schemaUrl="#praças_belem">
		<SimpleData name="element">way</SimpleData>
		<SimpleData name="id">352867476</SimpleData>
		<SimpleData name="leisure">park</SimpleData>
	</SchemaData></ExtendedData>
      <Polygon><outerBoundaryIs><LinearRing><coordinates>-48.447006,-1.3326277 -48.4464441,-1.3325144 -48.4459192,-1.3324086 -48.4457587,-1.3331837 -48.4462804,-1.3332963 -48.4468379,-1.3334165 -48.447006,-1.3326277</coordinates></LinearRing></outerBoundaryIs></Polygon>
  </Placemark>
  <Placemark id="praças_belem.71">
	<Style><LineStyle><color>ff0000ff</color></LineStyle><PolyStyle><fill>0</fill></PolyStyle></Style>
	<ExtendedData><SchemaData schemaUrl="#praças_belem">
		<SimpleData name="element">way</SimpleData>
		<SimpleData name="id">352867477</SimpleData>
		<SimpleData name="leisure">park</SimpleData>
	</SchemaData></ExtendedData>
      <Polygon><outerBoundaryIs><LinearRing><coordinates>-48.441258,-1.3329631 -48.4407174,-1.3328583 -48.4406998,-1.332934 -48.4401645,-1.3328314 -48.4401104,-1.3330911 -48.4400984,-1.3331486 -48.4402123,-1.3331708 -48.4406293,-1.3332521 -48.4410537,-1.3333376 -48.4411677,-1.3333606 -48.441258,-1.3329631</coordinates></LinearRing></outerBoundaryIs></Polygon>
  </Placemark>
  <Placemark id="praças_belem.72">
	<Style><LineStyle><color>ff0000ff</color></LineStyle><PolyStyle><fill>0</fill></PolyStyle></Style>
	<ExtendedData><SchemaData schemaUrl="#praças_belem">
		<SimpleData name="element">way</SimpleData>
		<SimpleData name="id">353039917</SimpleData>
		<SimpleData name="leisure">park</SimpleData>
	</SchemaData></ExtendedData>
      <Polygon><outerBoundaryIs><LinearRing><coordinates>-48.4585787,-1.3095694 -48.4585756,-1.3096155 -48.4590251,-1.3089802 -48.4586803,-1.3089203 -48.4585787,-1.3095694</coordinates></LinearRing></outerBoundaryIs></Polygon>
  </Placemark>
  <Placemark id="praças_belem.73">
	<Style><LineStyle><color>ff0000ff</color></LineStyle><PolyStyle><fill>0</fill></PolyStyle></Style>
	<ExtendedData><SchemaData schemaUrl="#praças_belem">
		<SimpleData name="element">way</SimpleData>
		<SimpleData name="id">354703076</SimpleData>
		<SimpleData name="leisure">park</SimpleData>
	</SchemaData></ExtendedData>
      <Polygon><outerBoundaryIs><LinearRing><coordinates>-48.4611729,-1.4588913 -48.4611393,-1.4591716 -48.4615271,-1.4592181 -48.4615607,-1.4589378 -48.4611729,-1.4588913</coordinates></LinearRing></outerBoundaryIs></Polygon>
  </Placemark>
  <Placemark id="praças_belem.74">
	<Style><LineStyle><color>ff0000ff</color></LineStyle><PolyStyle><fill>0</fill></PolyStyle></Style>
	<ExtendedData><SchemaData schemaUrl="#praças_belem">
		<SimpleData name="element">way</SimpleData>
		<SimpleData name="id">354703077</SimpleData>
		<SimpleData name="leisure">park</SimpleData>
	</SchemaData></ExtendedData>
      <Polygon><outerBoundaryIs><LinearRing><coordinates>-48.4631018,-1.4583188 -48.4630614,-1.4586711 -48.4630176,-1.4590261 -48.4630584,-1.4590203 -48.4631208,-1.4589883 -48.4631378,-1.4587023 -48.4631564,-1.4583248 -48.4631018,-1.4583188</coordinates></LinearRing></outerBoundaryIs></Polygon>
  </Placemark>
  <Placemark id="praças_belem.75">
	<Style><LineStyle><color>ff0000ff</color></LineStyle><PolyStyle><fill>0</fill></PolyStyle></Style>
	<ExtendedData><SchemaData schemaUrl="#praças_belem">
		<SimpleData name="element">way</SimpleData>
		<SimpleData name="id">354703078</SimpleData>
		<SimpleData name="leisure">park</SimpleData>
	</SchemaData></ExtendedData>
      <Polygon><outerBoundaryIs><LinearRing><coordinates>-48.4660497,-1.4527651 -48.4663576,-1.4527323 -48.4663083,-1.4530077 -48.4667032,-1.4530317 -48.466434,-1.4532143 -48.4661588,-1.4533605 -48.4660497,-1.4527651</coordinates></LinearRing></outerBoundaryIs></Polygon>
  </Placemark>
  <Placemark id="praças_belem.76">
	<Style><LineStyle><color>ff0000ff</color></LineStyle><PolyStyle><fill>0</fill></PolyStyle></Style>
	<ExtendedData><SchemaData schemaUrl="#praças_belem">
		<SimpleData name="element">way</SimpleData>
		<SimpleData name="id">354917961</SimpleData>
		<SimpleData name="leisure">park</SimpleData>
	</SchemaData></ExtendedData>
      <Polygon><outerBoundaryIs><LinearRing><coordinates>-48.4439727,-1.4016074 -48.4429867,-1.4015746 -48.4424631,-1.4015163 -48.4420924,-1.4014986 -48.4420802,-1.4017949 -48.4421671,-1.4018062 -48.4429851,-1.4018439 -48.443892,-1.4018817 -48.4439461,-1.4018891 -48.4439727,-1.4016074</coordinates></LinearRing></outerBoundaryIs></Polygon>
  </Placemark>
  <Placemark id="praças_belem.77">
	<name>Praça da Sereia</name>
	<Style><LineStyle><color>ff0000ff</color></LineStyle><PolyStyle><fill>0</fill></PolyStyle></Style>
	<ExtendedData><SchemaData schemaUrl="#praças_belem">
		<SimpleData name="element">way</SimpleData>
		<SimpleData name="id">355233331</SimpleData>
		<SimpleData name="leisure">park</SimpleData>
		<SimpleData name="source:name">survey</SimpleData>
	</SchemaData></ExtendedData>
      <Polygon><outerBoundaryIs><LinearRing><coordinates>-48.4928413,-1.4541154 -48.4938433,-1.4535538 -48.4938152,-1.4537137 -48.4937221,-1.4538364 -48.4936577,-1.4539472 -48.4935878,-1.4540505 -48.4934847,-1.4542126 -48.4934155,-1.4543905 -48.4933257,-1.4546392 -48.4928413,-1.4541154</coordinates></LinearRing></outerBoundaryIs></Polygon>
  </Placemark>
  <Placemark id="praças_belem.78">
	<name>Praça Dorothy Stang</name>
	<Style><LineStyle><color>ff0000ff</color></LineStyle><PolyStyle><fill>0</fill></PolyStyle></Style>
	<ExtendedData><SchemaData schemaUrl="#praças_belem">
		<SimpleData name="element">way</SimpleData>
		<SimpleData name="id">359919346</SimpleData>
		<SimpleData name="leisure">park</SimpleData>
	</SchemaData></ExtendedData>
      <Polygon><outerBoundaryIs><LinearRing><coordinates>-48.4652612,-1.4130785 -48.4652282,-1.4131454 -48.4651307,-1.4130783 -48.4651022,-1.4130429 -48.464976,-1.4128206 -48.4648902,-1.4125816 -48.4648823,-1.412475 -48.4648538,-1.4111053 -48.4648539,-1.4110394 -48.4649209,-1.4109059 -48.4650054,-1.4106294 -48.4650519,-1.4105342 -48.4659589,-1.4096334 -48.4660625,-1.409542 -48.4661726,-1.4094689 -48.4663669,-1.4094215 -48.4666605,-1.4093979 -48.4659221,-1.4100943 -48.4656528,-1.4103483 -48.4658793,-1.4105764 -48.4659764,-1.4106575 -48.4660197,-1.4106937 -48.4661101,-1.4107423 -48.4662028,-1.4107974 -48.4662198,-1.4108075 -48.46651,-1.411111 -48.4663695,-1.4112764 -48.4662859,-1.4113747 -48.4660871,-1.4116641 -48.4659445,-1.4118717 -48.4655647,-1.4124247 -48.4654017,-1.412662 -48.4652719,-1.4129839 -48.4652558,-1.4130389 -48.4652612,-1.4130785</coordinates></LinearRing></outerBoundaryIs></Polygon>
  </Placemark>
  <Placemark id="praças_belem.79">
	<Style><LineStyle><color>ff0000ff</color></LineStyle><PolyStyle><fill>0</fill></PolyStyle></Style>
	<ExtendedData><SchemaData schemaUrl="#praças_belem">
		<SimpleData name="element">way</SimpleData>
		<SimpleData name="id">360779632</SimpleData>
		<SimpleData name="leisure">park</SimpleData>
		<SimpleData name="leaf_type">broadleaved</SimpleData>
		<SimpleData name="source:geometry">Bing</SimpleData>
		<SimpleData name="source:leaf_type">local_knowledge</SimpleData>
	</SchemaData></ExtendedData>
      <Polygon><outerBoundaryIs><LinearRing><coordinates>-48.4486463,-1.4728694 -48.4486098,-1.4729969 -48.4485278,-1.4730106 -48.4484412,-1.4730015 -48.4483137,-1.4729423 -48.448259,-1.4728967 -48.4481086,-1.4728375 -48.4480904,-1.4727555 -48.4480949,-1.4726416 -48.4481268,-1.4725733 -48.4481451,-1.4724048 -48.4481086,-1.4723273 -48.4481359,-1.472218 -48.4481086,-1.4721679 -48.4481132,-1.4720631 -48.4481633,-1.4719948 -48.4481724,-1.4718855 -48.4481678,-1.4717443 -48.4482316,-1.4716349 -48.4482089,-1.4715119 -48.4481405,-1.4713297 -48.4481861,-1.4712204 -48.4481952,-1.4711475 -48.4481906,-1.470979 -48.448218,-1.4709334 -48.4482362,-1.4708059 -48.4481724,-1.4703913 -48.4480722,-1.4702592 -48.4480813,-1.470159 -48.4481451,-1.4701362 -48.4482134,-1.4701681 -48.4482362,-1.470241 -48.4483045,-1.470364 -48.4483911,-1.4703777 -48.4484367,-1.470323 -48.4484549,-1.4702274 -48.4484367,-1.4701681 -48.4484549,-1.4701044 -48.4485005,-1.4700497 -48.448464,-1.4699814 -48.4483137,-1.4698402 -48.4483501,-1.4697491 -48.4484367,-1.4697308 -48.448505,-1.4696261 -48.4485142,-1.4694393 -48.4483775,-1.4691933 -48.4483729,-1.4689747 -48.4484321,-1.4688334 -48.4484276,-1.4686649 -48.4484412,-1.4685647 -48.4483775,-1.4684417 -48.4483911,-1.4683597 -48.4483911,-1.4682185 -48.4483683,-1.4679953 -48.4483091,-1.4678586 -48.4481906,-1.4677538 -48.4480949,-1.4676901 -48.4479452,-1.4676312 -48.4478581,-1.4675817 -48.447737,-1.4674856 -48.447706,-1.4673348 -48.4477532,-1.4671799 -48.4478352,-1.4671161 -48.4479354,-1.4670888 -48.4480539,-1.4671298 -48.4480995,-1.4672072 -48.4481223,-1.4673257 -48.4482544,-1.4675443 -48.4483319,-1.4676354 -48.4484185,-1.4677948 -48.4484549,-1.4679406 -48.4486053,-1.4681593 -48.4486372,-1.4682686 -48.4486919,-1.4683141 -48.4488103,-1.4685601 -48.4489516,-1.4687059 -48.4489243,-1.4687879 -48.4491339,-1.469084 -48.4491749,-1.4691888 -48.4492842,-1.4693391 -48.4494301,-1.4696078 -48.4494893,-1.4696807 -48.4495577,-1.4698402 -48.4496351,-1.4699313 -48.4497308,-1.4701499 -48.44979,-1.4702501 -48.4498493,-1.4703185 -48.4499222,-1.4705827 -48.4498174,-1.4706829 -48.4497718,-1.4708241 -48.4496989,-1.4708833 -48.4494711,-1.4708651 -48.4494027,-1.470938 -48.449307,-1.4709607 -48.4491794,-1.4709653 -48.4490929,-1.47102 -48.4490336,-1.4711976 -48.4490336,-1.4712978 -48.4490154,-1.4713707 -48.4489243,-1.4714436 -48.4489334,-1.4715529 -48.4490108,-1.4715939 -48.4491065,-1.4715985 -48.4491794,-1.4715803 -48.4492296,-1.4716623 -48.4490655,-1.4718217 -48.4489015,-1.4720677 -48.4488377,-1.4722362 -48.4488331,-1.4723046 -48.4487693,-1.4723774 -48.4487784,-1.4725824 -48.4487283,-1.4726644 -48.448742,-1.472751 -48.4486463,-1.4728694</coordinates></LinearRing></outerBoundaryIs></Polygon>
  </Placemark>
  <Placemark id="praças_belem.80">
	<Style><LineStyle><color>ff0000ff</color></LineStyle><PolyStyle><fill>0</fill></PolyStyle></Style>
	<ExtendedData><SchemaData schemaUrl="#praças_belem">
		<SimpleData name="element">way</SimpleData>
		<SimpleData name="id">360779633</SimpleData>
		<SimpleData name="leisure">park</SimpleData>
	</SchemaData></ExtendedData>
      <Polygon><outerBoundaryIs><LinearRing><coordinates>-48.4723988,-1.4163979 -48.4726281,-1.4161242 -48.4727497,-1.4162153 -48.4727484,-1.4162448 -48.4724878,-1.4164096 -48.4723988,-1.4163979</coordinates></LinearRing></outerBoundaryIs></Polygon>
  </Placemark>
  <Placemark id="praças_belem.81">
	<name>Praça do Paraíso dos Pássaros</name>
	<Style><LineStyle><color>ff0000ff</color></LineStyle><PolyStyle><fill>0</fill></PolyStyle></Style>
	<ExtendedData><SchemaData schemaUrl="#praças_belem">
		<SimpleData name="element">way</SimpleData>
		<SimpleData name="id">360919649</SimpleData>
		<SimpleData name="leisure">park</SimpleData>
		<SimpleData name="source">Bing</SimpleData>
	</SchemaData></ExtendedData>
      <Polygon><outerBoundaryIs><LinearRing><coordinates>-48.480005,-1.4032042 -48.4812389,-1.4034228 -48.4812115,-1.405173 -48.4809957,-1.4048359 -48.4807887,-1.4044952 -48.480005,-1.4032042</coordinates></LinearRing></outerBoundaryIs></Polygon>
  </Placemark>
  <Placemark id="praças_belem.82">
	<Style><LineStyle><color>ff0000ff</color></LineStyle><PolyStyle><fill>0</fill></PolyStyle></Style>
	<ExtendedData><SchemaData schemaUrl="#praças_belem">
		<SimpleData name="element">way</SimpleData>
		<SimpleData name="id">360919651</SimpleData>
		<SimpleData name="leisure">park</SimpleData>
	</SchemaData></ExtendedData>
      <Polygon><outerBoundaryIs><LinearRing><coordinates>-48.4809668,-1.4323973 -48.4807168,-1.4330071 -48.4808038,-1.4330184 -48.4810647,-1.4329581 -48.4811347,-1.4329427 -48.4810996,-1.4328476 -48.4809668,-1.4323973</coordinates></LinearRing></outerBoundaryIs></Polygon>
  </Placemark>
  <Placemark id="praças_belem.83">
	<Style><LineStyle><color>ff0000ff</color></LineStyle><PolyStyle><fill>0</fill></PolyStyle></Style>
	<ExtendedData><SchemaData schemaUrl="#praças_belem">
		<SimpleData name="element">way</SimpleData>
		<SimpleData name="id">360919653</SimpleData>
		<SimpleData name="leisure">park</SimpleData>
	</SchemaData></ExtendedData>
      <Polygon><outerBoundaryIs><LinearRing><coordinates>-48.4794473,-1.4052849 -48.4798926,-1.4060075 -48.4802027,-1.4058202 -48.4797712,-1.4050974 -48.4794473,-1.4052849</coordinates></LinearRing></outerBoundaryIs></Polygon>
  </Placemark>
  <Placemark id="praças_belem.84">
	<name>Praça Governador Almir Gabriel</name>
	<Style><LineStyle><color>ff0000ff</color></LineStyle><PolyStyle><fill>0</fill></PolyStyle></Style>
	<ExtendedData><SchemaData schemaUrl="#praças_belem">
		<SimpleData name="element">way</SimpleData>
		<SimpleData name="id">360919655</SimpleData>
		<SimpleData name="leisure">park</SimpleData>
	</SchemaData></ExtendedData>
      <Polygon><outerBoundaryIs><LinearRing><coordinates>-48.4825467,-1.4042685 -48.4825425,-1.4048517 -48.4829846,-1.4048657 -48.4829836,-1.4046085 -48.4830137,-1.4044086 -48.4829802,-1.4042346 -48.4825467,-1.4042685</coordinates></LinearRing></outerBoundaryIs></Polygon>
  </Placemark>
  <Placemark id="praças_belem.85">
	<name>Praça Magalhães</name>
	<Style><LineStyle><color>ff0000ff</color></LineStyle><PolyStyle><fill>0</fill></PolyStyle></Style>
	<ExtendedData><SchemaData schemaUrl="#praças_belem">
		<SimpleData name="element">way</SimpleData>
		<SimpleData name="id">360919660</SimpleData>
		<SimpleData name="leisure">park</SimpleData>
		<SimpleData name="source">Bing</SimpleData>
		<SimpleData name="source:name">Cadastro Técnico Multifinalitário de Belém</SimpleData>
	</SchemaData></ExtendedData>
      <Polygon><outerBoundaryIs><LinearRing><coordinates>-48.4955835,-1.4447684 -48.4959411,-1.4442985 -48.4962573,-1.4448151 -48.4962578,-1.444857 -48.4962311,-1.4448903 -48.49573,-1.4449527 -48.4956442,-1.4449277 -48.4956027,-1.4448825 -48.4955814,-1.444822 -48.4955835,-1.4447684</coordinates></LinearRing></outerBoundaryIs></Polygon>
  </Placemark>
  <Placemark id="praças_belem.86">
	<name>Praça Presidente Kennedy</name>
	<Style><LineStyle><color>ff0000ff</color></LineStyle><PolyStyle><fill>0</fill></PolyStyle></Style>
	<ExtendedData><SchemaData schemaUrl="#praças_belem">
		<SimpleData name="element">way</SimpleData>
		<SimpleData name="id">360919661</SimpleData>
		<SimpleData name="leisure">park</SimpleData>
		<SimpleData name="source">Bing</SimpleData>
		<SimpleData name="source:name">Cadastro Técnico Multifinalitário de Belém</SimpleData>
	</SchemaData></ExtendedData>
      <Polygon><outerBoundaryIs><LinearRing><coordinates>-48.4958148,-1.4453217 -48.4960752,-1.4451733 -48.4962156,-1.445102 -48.4963217,-1.4450484 -48.4963618,-1.4450408 -48.4963852,-1.4450635 -48.4966898,-1.4454926 -48.4969365,-1.4459205 -48.4969767,-1.4459725 -48.496902,-1.4460629 -48.4967127,-1.4463489 -48.4964659,-1.4465808 -48.4962299,-1.4461791 -48.4960017,-1.4457265 -48.495808,-1.4453495 -48.4958148,-1.4453217</coordinates></LinearRing></outerBoundaryIs></Polygon>
  </Placemark>
  <Placemark id="praças_belem.87">
	<name>Praça do Escoteiro</name>
	<Style><LineStyle><color>ff0000ff</color></LineStyle><PolyStyle><fill>0</fill></PolyStyle></Style>
	<ExtendedData><SchemaData schemaUrl="#praças_belem">
		<SimpleData name="element">way</SimpleData>
		<SimpleData name="id">360919662</SimpleData>
		<SimpleData name="leisure">park</SimpleData>
		<SimpleData name="source">Bing</SimpleData>
		<SimpleData name="source:name">Cadastro Técnico Multifinalitário de Belém</SimpleData>
	</SchemaData></ExtendedData>
      <Polygon><outerBoundaryIs><LinearRing><coordinates>-48.4980639,-1.4473094 -48.4983531,-1.4476254 -48.4979741,-1.4480446 -48.4976639,-1.4477478 -48.4977115,-1.4476958 -48.4977582,-1.4476448 -48.4979904,-1.4473913 -48.4980188,-1.4473603 -48.498036,-1.4473415 -48.4980639,-1.4473094</coordinates></LinearRing></outerBoundaryIs></Polygon>
  </Placemark>
  <Placemark id="praças_belem.88">
	<Style><LineStyle><color>ff0000ff</color></LineStyle><PolyStyle><fill>0</fill></PolyStyle></Style>
	<ExtendedData><SchemaData schemaUrl="#praças_belem">
		<SimpleData name="element">way</SimpleData>
		<SimpleData name="id">362419965</SimpleData>
		<SimpleData name="leisure">park</SimpleData>
	</SchemaData></ExtendedData>
      <Polygon><outerBoundaryIs><LinearRing><coordinates>-48.4685791,-1.4510273 -48.4685703,-1.451373 -48.4685577,-1.4518719 -48.4688259,-1.4518665 -48.4688681,-1.4518444 -48.4688956,-1.4518075 -48.468901,-1.4513517 -48.4685791,-1.4510273</coordinates></LinearRing></outerBoundaryIs></Polygon>
  </Placemark>
  <Placemark id="praças_belem.89">
	<name>Praça Emílio Martins</name>
	<Style><LineStyle><color>ff0000ff</color></LineStyle><PolyStyle><fill>0</fill></PolyStyle></Style>
	<ExtendedData><SchemaData schemaUrl="#praças_belem">
		<SimpleData name="element">way</SimpleData>
		<SimpleData name="id">362767983</SimpleData>
		<SimpleData name="leisure">park</SimpleData>
	</SchemaData></ExtendedData>
      <Polygon><outerBoundaryIs><LinearRing><coordinates>-48.4592945,-1.4449049 -48.4595087,-1.4452823 -48.4593706,-1.4453535 -48.4591659,-1.444996 -48.4591893,-1.4449758 -48.4592945,-1.4449049</coordinates></LinearRing></outerBoundaryIs></Polygon>
  </Placemark>
  <Placemark id="praças_belem.90">
	<Style><LineStyle><color>ff0000ff</color></LineStyle><PolyStyle><fill>0</fill></PolyStyle></Style>
	<ExtendedData><SchemaData schemaUrl="#praças_belem">
		<SimpleData name="element">way</SimpleData>
		<SimpleData name="id">364396294</SimpleData>
		<SimpleData name="leisure">park</SimpleData>
		<SimpleData name="landuse">grass</SimpleData>
		<SimpleData name="leaf_type">broadleaved</SimpleData>
		<SimpleData name="source:geometry">Bing</SimpleData>
		<SimpleData name="source:leaf_type">local_knowledge</SimpleData>
	</SchemaData></ExtendedData>
      <Polygon><outerBoundaryIs><LinearRing><coordinates>-48.4506943,-1.4743056 -48.4509309,-1.4743708 -48.4509135,-1.4748256 -48.4510207,-1.4749221 -48.4510583,-1.4749758 -48.451002,-1.4750777 -48.4507418,-1.4749516 -48.4498808,-1.4745253 -48.4495193,-1.4743399 -48.4494919,-1.4742759 -48.4495096,-1.474229 -48.4495089,-1.4742075 -48.4494834,-1.4741485 -48.4495149,-1.4741063 -48.4495337,-1.4740949 -48.4495531,-1.4740962 -48.4495719,-1.4741103 -48.4497288,-1.474111 -48.4498057,-1.4741365 -48.4498234,-1.4741539 -48.4498247,-1.474182 -48.4497966,-1.4742102 -48.4496571,-1.4742102 -48.4496329,-1.474229 -48.449645,-1.4742477 -48.449704,-1.4742477 -48.4498073,-1.4742839 -48.4499237,-1.4743966 -48.4499774,-1.4744315 -48.4501385,-1.4744622 -48.4503985,-1.4746406 -48.4503739,-1.4745496 -48.4504106,-1.4743022 -48.4506943,-1.4743056</coordinates></LinearRing></outerBoundaryIs></Polygon>
  </Placemark>
  <Placemark id="praças_belem.91">
	<name>Área verde</name>
	<description>Área de vegetação próximo à Biblioteca Central da UFPA.</description>
	<Style><LineStyle><color>ff0000ff</color></LineStyle><PolyStyle><fill>0</fill></PolyStyle></Style>
	<ExtendedData><SchemaData schemaUrl="#praças_belem">
		<SimpleData name="element">way</SimpleData>
		<SimpleData name="id">364396632</SimpleData>
		<SimpleData name="leisure">park</SimpleData>
		<SimpleData name="landuse">grass</SimpleData>
		<SimpleData name="leaf_type">mixed</SimpleData>
		<SimpleData name="leaf_cycle">mixed</SimpleData>
	</SchemaData></ExtendedData>
      <Polygon><outerBoundaryIs><LinearRing><coordinates>-48.4561727,-1.4760136 -48.4562009,-1.4760364 -48.4562103,-1.4761021 -48.4561995,-1.4761249 -48.4561861,-1.4762429 -48.4561861,-1.4763836 -48.4561781,-1.4764366 -48.4561742,-1.4764724 -48.4561656,-1.4765006 -48.4562024,-1.4765533 -48.4562107,-1.4766239 -48.4562022,-1.476688 -48.4561714,-1.4768382 -48.4561177,-1.4773033 -48.4560909,-1.4773436 -48.4559098,-1.4771927 -48.4558844,-1.4771445 -48.4557677,-1.4770381 -48.4557015,-1.4769964 -48.4556683,-1.4769695 -48.4555546,-1.4768603 -48.4556262,-1.4763548 -48.455645,-1.476083 -48.4556715,-1.4759841 -48.4556949,-1.4759637 -48.4557342,-1.475958 -48.4561727,-1.4760136</coordinates></LinearRing></outerBoundaryIs></Polygon>
  </Placemark>
  <Placemark id="praças_belem.92">
	<Style><LineStyle><color>ff0000ff</color></LineStyle><PolyStyle><fill>0</fill></PolyStyle></Style>
	<ExtendedData><SchemaData schemaUrl="#praças_belem">
		<SimpleData name="element">way</SimpleData>
		<SimpleData name="id">364438828</SimpleData>
		<SimpleData name="leisure">park</SimpleData>
		<SimpleData name="landuse">grass</SimpleData>
	</SchemaData></ExtendedData>
      <Polygon><outerBoundaryIs><LinearRing><coordinates>-48.4566756,-1.4222689 -48.4566426,-1.4222575 -48.4565932,-1.4222548 -48.4565286,-1.4222843 -48.4564763,-1.4223038 -48.4564105,-1.4223172 -48.4563542,-1.4223152 -48.4563153,-1.4223172 -48.4562905,-1.4223239 -48.456263,-1.422338 -48.4562516,-1.4223547 -48.4562389,-1.4223795 -48.4562369,-1.422411 -48.4562429,-1.4224305 -48.4562603,-1.4224405 -48.4562878,-1.4224378 -48.4563026,-1.4224244 -48.4563334,-1.422407 -48.4563692,-1.4223942 -48.4564514,-1.4223896 -48.4565234,-1.422409 -48.4565945,-1.4224653 -48.4566285,-1.4224834 -48.4566803,-1.4224841 -48.4567259,-1.422476 -48.4567545,-1.4224486 -48.4567675,-1.422413 -48.4567702,-1.4223808 -48.4567554,-1.4223393 -48.4567257,-1.4222951 -48.4566756,-1.4222689</coordinates></LinearRing></outerBoundaryIs></Polygon>
  </Placemark>
  <Placemark id="praças_belem.93">
	<Style><LineStyle><color>ff0000ff</color></LineStyle><PolyStyle><fill>0</fill></PolyStyle></Style>
	<ExtendedData><SchemaData schemaUrl="#praças_belem">
		<SimpleData name="element">way</SimpleData>
		<SimpleData name="id">367277886</SimpleData>
		<SimpleData name="leisure">park</SimpleData>
	</SchemaData></ExtendedData>
      <Polygon><outerBoundaryIs><LinearRing><coordinates>-48.502192,-1.4665841 -48.5022752,-1.466619 -48.5023503,-1.4664393 -48.502192,-1.4665841</coordinates></LinearRing></outerBoundaryIs></Polygon>
  </Placemark>
  <Placemark id="praças_belem.94">
	<Style><LineStyle><color>ff0000ff</color></LineStyle><PolyStyle><fill>0</fill></PolyStyle></Style>
	<ExtendedData><SchemaData schemaUrl="#praças_belem">
		<SimpleData name="element">way</SimpleData>
		<SimpleData name="id">369571213</SimpleData>
		<SimpleData name="leisure">park</SimpleData>
	</SchemaData></ExtendedData>
      <Polygon><outerBoundaryIs><LinearRing><coordinates>-48.4517254,-1.4496641 -48.4525425,-1.4496663 -48.4532118,-1.4497147 -48.4533226,-1.4497268 -48.45339,-1.449737 -48.4533189,-1.4497425 -48.4525109,-1.4497699 -48.4517307,-1.4497785 -48.4517254,-1.4496641</coordinates></LinearRing></outerBoundaryIs></Polygon>
  </Placemark>
  <Placemark id="praças_belem.95">
	<Style><LineStyle><color>ff0000ff</color></LineStyle><PolyStyle><fill>0</fill></PolyStyle></Style>
	<ExtendedData><SchemaData schemaUrl="#praças_belem">
		<SimpleData name="element">way</SimpleData>
		<SimpleData name="id">372906696</SimpleData>
		<SimpleData name="leisure">park</SimpleData>
		<SimpleData name="surface">grass</SimpleData>
		<SimpleData name="landuse">grass</SimpleData>
	</SchemaData></ExtendedData>
      <Polygon><outerBoundaryIs><LinearRing><coordinates>-48.4543974,-1.4760225 -48.4543316,-1.476052 -48.454223,-1.4759608 -48.4544912,-1.4755533 -48.4546441,-1.4752664 -48.4547058,-1.4751832 -48.4548104,-1.4750974 -48.4548373,-1.4749741 -48.4548399,-1.4748937 -48.454907,-1.4747167 -48.4550062,-1.4746068 -48.4550518,-1.4743869 -48.4551296,-1.4740866 -48.4551564,-1.4738774 -48.455143,-1.473427 -48.4551108,-1.4732259 -48.4550626,-1.4731615 -48.4550036,-1.4730462 -48.455017,-1.4728961 -48.4549821,-1.4728371 -48.4549284,-1.4726574 -48.4550491,-1.4726333 -48.4551055,-1.4727432 -48.4552047,-1.4727835 -48.4552369,-1.4728424 -48.4552154,-1.4729068 -48.4552289,-1.4729711 -48.4553656,-1.4730006 -48.4553871,-1.4730677 -48.4553227,-1.4731642 -48.4553335,-1.4733975 -48.4552771,-1.4739445 -48.4552423,-1.4742367 -48.4551859,-1.4743842 -48.4551001,-1.4746443 -48.4548078,-1.4753468 -48.4545798,-1.4758321 -48.4543974,-1.4760225</coordinates></LinearRing></outerBoundaryIs></Polygon>
  </Placemark>
  <Placemark id="praças_belem.96">
	<Style><LineStyle><color>ff0000ff</color></LineStyle><PolyStyle><fill>0</fill></PolyStyle></Style>
	<ExtendedData><SchemaData schemaUrl="#praças_belem">
		<SimpleData name="element">way</SimpleData>
		<SimpleData name="id">372906697</SimpleData>
		<SimpleData name="leisure">park</SimpleData>
		<SimpleData name="landuse">greenfield</SimpleData>
	</SchemaData></ExtendedData>
      <Polygon><outerBoundaryIs><LinearRing><coordinates>-48.453824,-1.4767762 -48.4539267,-1.4768591 -48.4539932,-1.47689 -48.4539924,-1.4767599 -48.4539468,-1.4766982 -48.4540138,-1.4765212 -48.4541184,-1.4764193 -48.454164,-1.4763067 -48.4543089,-1.4761673 -48.4542874,-1.4761163 -48.4541694,-1.4760573 -48.4540192,-1.4761968 -48.4539548,-1.4763308 -48.4539092,-1.4764837 -48.453824,-1.4767762</coordinates></LinearRing></outerBoundaryIs></Polygon>
  </Placemark>
  <Placemark id="praças_belem.97">
	<Style><LineStyle><color>ff0000ff</color></LineStyle><PolyStyle><fill>0</fill></PolyStyle></Style>
	<ExtendedData><SchemaData schemaUrl="#praças_belem">
		<SimpleData name="element">way</SimpleData>
		<SimpleData name="id">373517651</SimpleData>
		<SimpleData name="leisure">park</SimpleData>
	</SchemaData></ExtendedData>
      <Polygon><outerBoundaryIs><LinearRing><coordinates>-48.444142,-1.4616242 -48.4446034,-1.4619782 -48.4451801,-1.4629622 -48.4447134,-1.4632625 -48.4445792,-1.4629461 -48.4442949,-1.4623938 -48.4438443,-1.4618361 -48.444142,-1.4616242</coordinates></LinearRing></outerBoundaryIs></Polygon>
  </Placemark>
  <Placemark id="praças_belem.98">
	<Style><LineStyle><color>ff0000ff</color></LineStyle><PolyStyle><fill>0</fill></PolyStyle></Style>
	<ExtendedData><SchemaData schemaUrl="#praças_belem">
		<SimpleData name="element">way</SimpleData>
		<SimpleData name="id">373517652</SimpleData>
		<SimpleData name="leisure">park</SimpleData>
	</SchemaData></ExtendedData>
      <Polygon><outerBoundaryIs><LinearRing><coordinates>-48.4455475,-1.4626753 -48.4451827,-1.4628952 -48.4446248,-1.4619245 -48.4442064,-1.4615706 -48.444083,-1.4615009 -48.4440026,-1.4614902 -48.4439382,-1.4615223 -48.4436861,-1.4617154 -48.44264,-1.4608467 -48.4433642,-1.459935 -48.4441742,-1.458782 -48.4441045,-1.4592003 -48.4441206,-1.4596669 -48.444244,-1.460187 -48.4445384,-1.4607833 -48.4444311,-1.4608503 -48.4444392,-1.4609871 -48.4445371,-1.4610622 -48.444643,-1.461034 -48.4452688,-1.4622305 -48.4455475,-1.4626753</coordinates></LinearRing></outerBoundaryIs></Polygon>
  </Placemark>
  <Placemark id="praças_belem.99">
	<Style><LineStyle><color>ff0000ff</color></LineStyle><PolyStyle><fill>0</fill></PolyStyle></Style>
	<ExtendedData><SchemaData schemaUrl="#praças_belem">
		<SimpleData name="element">way</SimpleData>
		<SimpleData name="id">377679548</SimpleData>
		<SimpleData name="leisure">park</SimpleData>
	</SchemaData></ExtendedData>
      <Polygon><outerBoundaryIs><LinearRing><coordinates>-48.4880827,-1.4459997 -48.4879996,-1.4461271 -48.4879684,-1.4461413 -48.4879346,-1.4461477 -48.4879003,-1.4461458 -48.4877622,-1.4460842 -48.4878802,-1.4459005 -48.4880827,-1.4459997</coordinates></LinearRing></outerBoundaryIs></Polygon>
  </Placemark>
  <Placemark id="praças_belem.100">
	<Style><LineStyle><color>ff0000ff</color></LineStyle><PolyStyle><fill>0</fill></PolyStyle></Style>
	<ExtendedData><SchemaData schemaUrl="#praças_belem">
		<SimpleData name="element">way</SimpleData>
		<SimpleData name="id">389348735</SimpleData>
		<SimpleData name="leisure">park</SimpleData>
		<SimpleData name="source">survey</SimpleData>
	</SchemaData></ExtendedData>
      <Polygon><outerBoundaryIs><LinearRing><coordinates>-48.4355513,-1.3971215 -48.4360907,-1.39711 -48.4361128,-1.3976383 -48.4355753,-1.3976499 -48.4355513,-1.3971215</coordinates></LinearRing></outerBoundaryIs></Polygon>
  </Placemark>
  <Placemark id="praças_belem.101">
	<Style><LineStyle><color>ff0000ff</color></LineStyle><PolyStyle><fill>0</fill></PolyStyle></Style>
	<ExtendedData><SchemaData schemaUrl="#praças_belem">
		<SimpleData name="element">way</SimpleData>
		<SimpleData name="id">389348736</SimpleData>
		<SimpleData name="leisure">park</SimpleData>
		<SimpleData name="source">survey</SimpleData>
	</SchemaData></ExtendedData>
      <Polygon><outerBoundaryIs><LinearRing><coordinates>-48.4355839,-1.3983285 -48.4361123,-1.3983153 -48.4361231,-1.3988621 -48.4355937,-1.398869 -48.4355839,-1.3983285</coordinates></LinearRing></outerBoundaryIs></Polygon>
  </Placemark>
  <Placemark id="praças_belem.102">
	<Style><LineStyle><color>ff0000ff</color></LineStyle><PolyStyle><fill>0</fill></PolyStyle></Style>
	<ExtendedData><SchemaData schemaUrl="#praças_belem">
		<SimpleData name="element">way</SimpleData>
		<SimpleData name="id">389348737</SimpleData>
		<SimpleData name="leisure">park</SimpleData>
		<SimpleData name="source">survey</SimpleData>
	</SchemaData></ExtendedData>
      <Polygon><outerBoundaryIs><LinearRing><coordinates>-48.4355294,-1.3959036 -48.4358112,-1.3958962 -48.4360577,-1.3958886 -48.4360636,-1.3964232 -48.4358143,-1.3964303 -48.4355425,-1.3964395 -48.4355294,-1.3959036</coordinates></LinearRing></outerBoundaryIs></Polygon>
  </Placemark>
  <Placemark id="praças_belem.103">
	<Style><LineStyle><color>ff0000ff</color></LineStyle><PolyStyle><fill>0</fill></PolyStyle></Style>
	<ExtendedData><SchemaData schemaUrl="#praças_belem">
		<SimpleData name="element">way</SimpleData>
		<SimpleData name="id">389348738</SimpleData>
		<SimpleData name="leisure">park</SimpleData>
		<SimpleData name="source">survey</SimpleData>
	</SchemaData></ExtendedData>
      <Polygon><outerBoundaryIs><LinearRing><coordinates>-48.4379695,-1.3970501 -48.4385037,-1.3970338 -48.4385114,-1.3975634 -48.4379787,-1.3975713 -48.4379695,-1.3970501</coordinates></LinearRing></outerBoundaryIs></Polygon>
  </Placemark>
  <Placemark id="praças_belem.104">
	<name>Praça Quadra H</name>
	<Style><LineStyle><color>ff0000ff</color></LineStyle><PolyStyle><fill>0</fill></PolyStyle></Style>
	<ExtendedData><SchemaData schemaUrl="#praças_belem">
		<SimpleData name="element">way</SimpleData>
		<SimpleData name="id">389348739</SimpleData>
		<SimpleData name="leisure">park</SimpleData>
		<SimpleData name="source">survey;local knowledge</SimpleData>
		<SimpleData name="addr:place">Quadra H</SimpleData>
	</SchemaData></ExtendedData>
      <Polygon><outerBoundaryIs><LinearRing><coordinates>-48.43849,-1.398244 -48.4384937,-1.3982497 -48.4385125,-1.3987269 -48.4385013,-1.3987429 -48.4380206,-1.3987498 -48.4380184,-1.3986769 -48.4380155,-1.3985551 -48.4380028,-1.3985026 -48.4380111,-1.3983115 -48.4380353,-1.3982753 -48.43849,-1.398244</coordinates></LinearRing></outerBoundaryIs></Polygon>
  </Placemark>
  <Placemark id="praças_belem.105">
	<Style><LineStyle><color>ff0000ff</color></LineStyle><PolyStyle><fill>0</fill></PolyStyle></Style>
	<ExtendedData><SchemaData schemaUrl="#praças_belem">
		<SimpleData name="element">way</SimpleData>
		<SimpleData name="id">389348740</SimpleData>
		<SimpleData name="leisure">park</SimpleData>
		<SimpleData name="source">survey</SimpleData>
	</SchemaData></ExtendedData>
      <Polygon><outerBoundaryIs><LinearRing><coordinates>-48.4368183,-1.3995023 -48.4373557,-1.3994882 -48.4373639,-1.4000099 -48.436833,-1.4000254 -48.4368183,-1.3995023</coordinates></LinearRing></outerBoundaryIs></Polygon>
  </Placemark>
  <Placemark id="praças_belem.106">
	<Style><LineStyle><color>ff0000ff</color></LineStyle><PolyStyle><fill>0</fill></PolyStyle></Style>
	<ExtendedData><SchemaData schemaUrl="#praças_belem">
		<SimpleData name="element">way</SimpleData>
		<SimpleData name="id">389348741</SimpleData>
		<SimpleData name="leisure">park</SimpleData>
		<SimpleData name="source">survey</SimpleData>
	</SchemaData></ExtendedData>
      <Polygon><outerBoundaryIs><LinearRing><coordinates>-48.4367394,-1.3958681 -48.4372609,-1.3958516 -48.437273,-1.3963905 -48.4367514,-1.3964041 -48.4367394,-1.3958681</coordinates></LinearRing></outerBoundaryIs></Polygon>
  </Placemark>
  <Placemark id="praças_belem.107">
	<Style><LineStyle><color>ff0000ff</color></LineStyle><PolyStyle><fill>0</fill></PolyStyle></Style>
	<ExtendedData><SchemaData schemaUrl="#praças_belem">
		<SimpleData name="element">way</SimpleData>
		<SimpleData name="id">389348742</SimpleData>
		<SimpleData name="leisure">park</SimpleData>
		<SimpleData name="source">survey</SimpleData>
	</SchemaData></ExtendedData>
      <Polygon><outerBoundaryIs><LinearRing><coordinates>-48.4356232,-1.3995335 -48.4361458,-1.3995212 -48.4361564,-1.4000113 -48.4356233,-1.4000329 -48.4356232,-1.3995335</coordinates></LinearRing></outerBoundaryIs></Polygon>
  </Placemark>
  <Placemark id="praças_belem.108">
	<Style><LineStyle><color>ff0000ff</color></LineStyle><PolyStyle><fill>0</fill></PolyStyle></Style>
	<ExtendedData><SchemaData schemaUrl="#praças_belem">
		<SimpleData name="element">way</SimpleData>
		<SimpleData name="id">389348743</SimpleData>
		<SimpleData name="leisure">park</SimpleData>
		<SimpleData name="source">survey</SimpleData>
	</SchemaData></ExtendedData>
      <Polygon><outerBoundaryIs><LinearRing><coordinates>-48.4368142,-1.3982915 -48.4370759,-1.398286 -48.4373319,-1.3982846 -48.4373459,-1.3988225 -48.437072,-1.398829 -48.4368082,-1.3988352 -48.4368142,-1.3982915</coordinates></LinearRing></outerBoundaryIs></Polygon>
  </Placemark>
  <Placemark id="praças_belem.109">
	<Style><LineStyle><color>ff0000ff</color></LineStyle><PolyStyle><fill>0</fill></PolyStyle></Style>
	<ExtendedData><SchemaData schemaUrl="#praças_belem">
		<SimpleData name="element">way</SimpleData>
		<SimpleData name="id">389348744</SimpleData>
		<SimpleData name="leisure">park</SimpleData>
		<SimpleData name="source">survey</SimpleData>
	</SchemaData></ExtendedData>
      <Polygon><outerBoundaryIs><LinearRing><coordinates>-48.4380508,-1.3994615 -48.4385874,-1.3994524 -48.4386093,-1.3999926 -48.4380646,-1.4000073 -48.4380508,-1.3994615</coordinates></LinearRing></outerBoundaryIs></Polygon>
  </Placemark>
  <Placemark id="praças_belem.110">
	<Style><LineStyle><color>ff0000ff</color></LineStyle><PolyStyle><fill>0</fill></PolyStyle></Style>
	<ExtendedData><SchemaData schemaUrl="#praças_belem">
		<SimpleData name="element">way</SimpleData>
		<SimpleData name="id">389348745</SimpleData>
		<SimpleData name="leisure">park</SimpleData>
		<SimpleData name="source">survey</SimpleData>
	</SchemaData></ExtendedData>
      <Polygon><outerBoundaryIs><LinearRing><coordinates>-48.4379337,-1.3958298 -48.4379357,-1.396092 -48.4379301,-1.3963758 -48.4384901,-1.3963755 -48.4384714,-1.3960852 -48.4384703,-1.3958161 -48.4379337,-1.3958298</coordinates></LinearRing></outerBoundaryIs></Polygon>
  </Placemark>
  <Placemark id="praças_belem.111">
	<Style><LineStyle><color>ff0000ff</color></LineStyle><PolyStyle><fill>0</fill></PolyStyle></Style>
	<ExtendedData><SchemaData schemaUrl="#praças_belem">
		<SimpleData name="element">way</SimpleData>
		<SimpleData name="id">389348746</SimpleData>
		<SimpleData name="leisure">park</SimpleData>
		<SimpleData name="source">survey</SimpleData>
	</SchemaData></ExtendedData>
      <Polygon><outerBoundaryIs><LinearRing><coordinates>-48.4367817,-1.3970751 -48.4372995,-1.3970717 -48.4373081,-1.3975949 -48.4367759,-1.3976081 -48.4367817,-1.3970751</coordinates></LinearRing></outerBoundaryIs></Polygon>
  </Placemark>
  <Placemark id="praças_belem.112">
	<name>Praça Olavo Bilac</name>
	<Style><LineStyle><color>ff0000ff</color></LineStyle><PolyStyle><fill>0</fill></PolyStyle></Style>
	<ExtendedData><SchemaData schemaUrl="#praças_belem">
		<SimpleData name="element">way</SimpleData>
		<SimpleData name="id">391256083</SimpleData>
		<SimpleData name="leisure">park</SimpleData>
		<SimpleData name="loc_name">Shopping Chão</SimpleData>
	</SchemaData></ExtendedData>
      <Polygon><outerBoundaryIs><LinearRing><coordinates>-48.4510585,-1.4559657 -48.4513252,-1.4562386 -48.4511262,-1.4564528 -48.4508513,-1.4561968 -48.4510585,-1.4559657</coordinates></LinearRing></outerBoundaryIs></Polygon>
  </Placemark>
  <Placemark id="praças_belem.113">
	<Style><LineStyle><color>ff0000ff</color></LineStyle><PolyStyle><fill>0</fill></PolyStyle></Style>
	<ExtendedData><SchemaData schemaUrl="#praças_belem">
		<SimpleData name="element">way</SimpleData>
		<SimpleData name="id">391708786</SimpleData>
		<SimpleData name="leisure">park</SimpleData>
	</SchemaData></ExtendedData>
      <Polygon><outerBoundaryIs><LinearRing><coordinates>-48.4446379,-1.4669811 -48.44434,-1.4664747 -48.4443612,-1.4664484 -48.4443477,-1.466406 -48.4440047,-1.4658805 -48.4439479,-1.4658707 -48.4437544,-1.4655602 -48.4437495,-1.4655306 -48.443789,-1.4655059 -48.4446675,-1.4655034 -48.4446625,-1.4655645 -48.4446206,-1.4656021 -48.4445786,-1.4661522 -48.4446231,-1.4662287 -48.4446265,-1.4664726 -48.4446477,-1.4665691 -48.4446784,-1.4669648 -48.4446624,-1.4669823 -48.4446379,-1.4669811</coordinates></LinearRing></outerBoundaryIs></Polygon>
  </Placemark>
  <Placemark id="praças_belem.114">
	<Style><LineStyle><color>ff0000ff</color></LineStyle><PolyStyle><fill>0</fill></PolyStyle></Style>
	<ExtendedData><SchemaData schemaUrl="#praças_belem">
		<SimpleData name="element">way</SimpleData>
		<SimpleData name="id">420062629</SimpleData>
		<SimpleData name="leisure">park</SimpleData>
	</SchemaData></ExtendedData>
      <Polygon><outerBoundaryIs><LinearRing><coordinates>-48.4749263,-1.4378597 -48.4747963,-1.4379441 -48.4749695,-1.4381941 -48.4751099,-1.4384122 -48.4752359,-1.4383301 -48.4749263,-1.4378597</coordinates></LinearRing></outerBoundaryIs></Polygon>
  </Placemark>
  <Placemark id="praças_belem.115">
	<Style><LineStyle><color>ff0000ff</color></LineStyle><PolyStyle><fill>0</fill></PolyStyle></Style>
	<ExtendedData><SchemaData schemaUrl="#praças_belem">
		<SimpleData name="element">way</SimpleData>
		<SimpleData name="id">420062630</SimpleData>
		<SimpleData name="leisure">park</SimpleData>
	</SchemaData></ExtendedData>
      <Polygon><outerBoundaryIs><LinearRing><coordinates>-48.4748308,-1.4377198 -48.4748261,-1.4377987 -48.474816,-1.4378101 -48.4747608,-1.4378315 -48.474706,-1.4377959 -48.4730859,-1.4353388 -48.4731341,-1.4352765 -48.4732105,-1.4352624 -48.4748308,-1.4377198</coordinates></LinearRing></outerBoundaryIs></Polygon>
  </Placemark>
  <Placemark id="praças_belem.116">
	<Style><LineStyle><color>ff0000ff</color></LineStyle><PolyStyle><fill>0</fill></PolyStyle></Style>
	<ExtendedData><SchemaData schemaUrl="#praças_belem">
		<SimpleData name="element">way</SimpleData>
		<SimpleData name="id">420062631</SimpleData>
		<SimpleData name="leisure">park</SimpleData>
	</SchemaData></ExtendedData>
      <Polygon><outerBoundaryIs><LinearRing><coordinates>-48.4725805,-1.4343072 -48.4725523,-1.4343824 -48.4724877,-1.4344036 -48.4724383,-1.4343836 -48.4719576,-1.4336481 -48.4719647,-1.4336234 -48.4720646,-1.4335447 -48.4720845,-1.4335506 -48.4725805,-1.4343072</coordinates></LinearRing></outerBoundaryIs></Polygon>
  </Placemark>
  <Placemark id="praças_belem.117">
	<Style><LineStyle><color>ff0000ff</color></LineStyle><PolyStyle><fill>0</fill></PolyStyle></Style>
	<ExtendedData><SchemaData schemaUrl="#praças_belem">
		<SimpleData name="element">way</SimpleData>
		<SimpleData name="id">420062635</SimpleData>
		<SimpleData name="leisure">park</SimpleData>
	</SchemaData></ExtendedData>
      <Polygon><outerBoundaryIs><LinearRing><coordinates>-48.4726581,-1.4344188 -48.4726052,-1.4344752 -48.4725241,-1.4345023 -48.4726734,-1.4347349 -48.472812,-1.4346409 -48.4726581,-1.4344188</coordinates></LinearRing></outerBoundaryIs></Polygon>
  </Placemark>
  <Placemark id="praças_belem.118">
	<Style><LineStyle><color>ff0000ff</color></LineStyle><PolyStyle><fill>0</fill></PolyStyle></Style>
	<ExtendedData><SchemaData schemaUrl="#praças_belem">
		<SimpleData name="element">way</SimpleData>
		<SimpleData name="id">420062636</SimpleData>
		<SimpleData name="leisure">park</SimpleData>
	</SchemaData></ExtendedData>
      <Polygon><outerBoundaryIs><LinearRing><coordinates>-48.4731611,-1.4351743 -48.4730788,-1.435199 -48.473026,-1.4352565 -48.472778,-1.4348606 -48.4728943,-1.4347831 -48.4731611,-1.4351743</coordinates></LinearRing></outerBoundaryIs></Polygon>
  </Placemark>
  <Placemark id="praças_belem.119">
	<Style><LineStyle><color>ff0000ff</color></LineStyle><PolyStyle><fill>0</fill></PolyStyle></Style>
	<ExtendedData><SchemaData schemaUrl="#praças_belem">
		<SimpleData name="element">way</SimpleData>
		<SimpleData name="id">420062637</SimpleData>
		<SimpleData name="leisure">park</SimpleData>
	</SchemaData></ExtendedData>
      <Polygon><outerBoundaryIs><LinearRing><coordinates>-48.471967,-1.433379 -48.4719506,-1.4334248 -48.4718518,-1.4334789 -48.4718354,-1.4334671 -48.4708176,-1.4319045 -48.4708517,-1.431854 -48.4709339,-1.4318293 -48.471967,-1.433379</coordinates></LinearRing></outerBoundaryIs></Polygon>
  </Placemark>
  <Placemark id="praças_belem.120">
	<Style><LineStyle><color>ff0000ff</color></LineStyle><PolyStyle><fill>0</fill></PolyStyle></Style>
	<ExtendedData><SchemaData schemaUrl="#praças_belem">
		<SimpleData name="element">way</SimpleData>
		<SimpleData name="id">420062640</SimpleData>
		<SimpleData name="leisure">park</SimpleData>
	</SchemaData></ExtendedData>
      <Polygon><outerBoundaryIs><LinearRing><coordinates>-48.4703169,-1.4311643 -48.4703345,-1.4311279 -48.4704274,-1.4310656 -48.4704497,-1.4310691 -48.4708587,-1.4317142 -48.470787,-1.4317659 -48.4707459,-1.4317894 -48.4707236,-1.4317764 -48.4703169,-1.4311643</coordinates></LinearRing></outerBoundaryIs></Polygon>
  </Placemark>
  <Placemark id="praças_belem.121">
	<Style><LineStyle><color>ff0000ff</color></LineStyle><PolyStyle><fill>0</fill></PolyStyle></Style>
	<ExtendedData><SchemaData schemaUrl="#praças_belem">
		<SimpleData name="element">way</SimpleData>
		<SimpleData name="id">420067279</SimpleData>
		<SimpleData name="leisure">park</SimpleData>
	</SchemaData></ExtendedData>
      <Polygon><outerBoundaryIs><LinearRing><coordinates>-48.473336,-1.1640575 -48.4732591,-1.1647044 -48.4737305,-1.1647386 -48.4737902,-1.1647191 -48.4738481,-1.1646824 -48.4738955,-1.1645086 -48.4739458,-1.1642451 -48.4739471,-1.1641459 -48.4738827,-1.1640758 -48.4736353,-1.1640628 -48.473336,-1.1640575</coordinates></LinearRing></outerBoundaryIs></Polygon>
  </Placemark>
  <Placemark id="praças_belem.122">
	<Style><LineStyle><color>ff0000ff</color></LineStyle><PolyStyle><fill>0</fill></PolyStyle></Style>
	<ExtendedData><SchemaData schemaUrl="#praças_belem">
		<SimpleData name="element">way</SimpleData>
		<SimpleData name="id">420067280</SimpleData>
		<SimpleData name="leisure">park</SimpleData>
	</SchemaData></ExtendedData>
      <Polygon><outerBoundaryIs><LinearRing><coordinates>-48.4732129,-1.1640447 -48.4722666,-1.1639812 -48.4722223,-1.1646409 -48.4731686,-1.1647044 -48.4732129,-1.1640447</coordinates></LinearRing></outerBoundaryIs></Polygon>
  </Placemark>
  <Placemark id="praças_belem.123">
	<name>Praça Veiga Cabral</name>
	<Style><LineStyle><color>ff0000ff</color></LineStyle><PolyStyle><fill>0</fill></PolyStyle></Style>
	<ExtendedData><SchemaData schemaUrl="#praças_belem">
		<SimpleData name="element">way</SimpleData>
		<SimpleData name="id">424016516</SimpleData>
		<SimpleData name="leisure">park</SimpleData>
		<SimpleData name="addr:street">Travessa de Breves</SimpleData>
		<SimpleData name="addr:suburb">Cidade-Velha</SimpleData>
	</SchemaData></ExtendedData>
      <Polygon><outerBoundaryIs><LinearRing><coordinates>-48.5011152,-1.4654612 -48.5011305,-1.4654115 -48.5010695,-1.4653709 -48.5009661,-1.4653911 -48.5008656,-1.4655006 -48.5008874,-1.4655504 -48.5009376,-1.4655231 -48.5009761,-1.4655266 -48.5010351,-1.4654753 -48.5011152,-1.4654612</coordinates></LinearRing></outerBoundaryIs></Polygon>
  </Placemark>
  <Placemark id="praças_belem.124">
	<Style><LineStyle><color>ff0000ff</color></LineStyle><PolyStyle><fill>0</fill></PolyStyle></Style>
	<ExtendedData><SchemaData schemaUrl="#praças_belem">
		<SimpleData name="element">way</SimpleData>
		<SimpleData name="id">424213210</SimpleData>
		<SimpleData name="leisure">park</SimpleData>
	</SchemaData></ExtendedData>
      <Polygon><outerBoundaryIs><LinearRing><coordinates>-48.4450434,-1.4116341 -48.4447403,-1.4120256 -48.4441905,-1.4115188 -48.4444909,-1.4111622 -48.4450434,-1.4116341</coordinates></LinearRing></outerBoundaryIs></Polygon>
  </Placemark>
  <Placemark id="praças_belem.125">
	<name>Praça Principal</name>
	<Style><LineStyle><color>ff0000ff</color></LineStyle><PolyStyle><fill>0</fill></PolyStyle></Style>
	<ExtendedData><SchemaData schemaUrl="#praças_belem">
		<SimpleData name="element">way</SimpleData>
		<SimpleData name="id">424213212</SimpleData>
		<SimpleData name="leisure">park</SimpleData>
	</SchemaData></ExtendedData>
      <Polygon><outerBoundaryIs><LinearRing><coordinates>-48.4447309,-1.4107198 -48.4443018,-1.4103632 -48.4446075,-1.4099851 -48.4450206,-1.410339 -48.4447309,-1.4107198</coordinates></LinearRing></outerBoundaryIs></Polygon>
  </Placemark>
  <Placemark id="praças_belem.126">
	<name>Praça Princesa Isabel</name>
	<Style><LineStyle><color>ff0000ff</color></LineStyle><PolyStyle><fill>0</fill></PolyStyle></Style>
	<ExtendedData><SchemaData schemaUrl="#praças_belem">
		<SimpleData name="element">way</SimpleData>
		<SimpleData name="id">424719844</SimpleData>
		<SimpleData name="leisure">park</SimpleData>
	</SchemaData></ExtendedData>
      <Polygon><outerBoundaryIs><LinearRing><coordinates>-48.4760413,-1.4756095 -48.4759712,-1.4756392 -48.4758881,-1.4756794 -48.4758049,-1.4756848 -48.4757218,-1.475658 -48.4756373,-1.4756084 -48.4755301,-1.4755484 -48.4754816,-1.4763611 -48.476004,-1.4763994 -48.4760413,-1.4756095</coordinates></LinearRing></outerBoundaryIs></Polygon>
  </Placemark>
  <Placemark id="praças_belem.127">
	<name>Praça do Líbano</name>
	<Style><LineStyle><color>ff0000ff</color></LineStyle><PolyStyle><fill>0</fill></PolyStyle></Style>
	<ExtendedData><SchemaData schemaUrl="#praças_belem">
		<SimpleData name="element">way</SimpleData>
		<SimpleData name="id">428576022</SimpleData>
		<SimpleData name="leisure">park</SimpleData>
		<SimpleData name="loc_name">Largo de São João</SimpleData>
	</SchemaData></ExtendedData>
      <Polygon><outerBoundaryIs><LinearRing><coordinates>-48.5028138,-1.4573829 -48.5026378,-1.457639 -48.5030102,-1.4576476 -48.5030082,-1.4575239 -48.5028138,-1.4573829</coordinates></LinearRing></outerBoundaryIs></Polygon>
  </Placemark>
  <Placemark id="praças_belem.128">
	<Style><LineStyle><color>ff0000ff</color></LineStyle><PolyStyle><fill>0</fill></PolyStyle></Style>
	<ExtendedData><SchemaData schemaUrl="#praças_belem">
		<SimpleData name="element">way</SimpleData>
		<SimpleData name="id">429380142</SimpleData>
		<SimpleData name="leisure">park</SimpleData>
	</SchemaData></ExtendedData>
      <Polygon><outerBoundaryIs><LinearRing><coordinates>-48.4325008,-1.2646938 -48.4322881,-1.2645288 -48.4320614,-1.2643129 -48.4318482,-1.264081 -48.4317074,-1.2638933 -48.4315679,-1.2636855 -48.4314593,-1.2634951 -48.4313989,-1.2633932 -48.4313138,-1.2630895 -48.4312092,-1.2627422 -48.4311882,-1.2626287 -48.431239,-1.2626353 -48.4312699,-1.2626971 -48.4312751,-1.2627119 -48.4313427,-1.2629046 -48.4313935,-1.2629797 -48.4314664,-1.2630415 -48.4316761,-1.2632026 -48.4318395,-1.2633549 -48.4319764,-1.2635117 -48.4321487,-1.263728 -48.4322922,-1.263951 -48.4324247,-1.264185 -48.4325262,-1.2643925 -48.4325638,-1.2645337 -48.4325439,-1.2646132 -48.4325008,-1.2646938</coordinates></LinearRing></outerBoundaryIs></Polygon>
  </Placemark>
  <Placemark id="praças_belem.129">
	<Style><LineStyle><color>ff0000ff</color></LineStyle><PolyStyle><fill>0</fill></PolyStyle></Style>
	<ExtendedData><SchemaData schemaUrl="#praças_belem">
		<SimpleData name="element">way</SimpleData>
		<SimpleData name="id">431107478</SimpleData>
		<SimpleData name="leisure">park</SimpleData>
	</SchemaData></ExtendedData>
      <Polygon><outerBoundaryIs><LinearRing><coordinates>-48.4705153,-1.3941092 -48.4710705,-1.3946804 -48.469887,-1.3946831 -48.4698896,-1.3941126 -48.4705153,-1.3941092</coordinates></LinearRing></outerBoundaryIs></Polygon>
  </Placemark>
  <Placemark id="praças_belem.130">
	<Style><LineStyle><color>ff0000ff</color></LineStyle><PolyStyle><fill>0</fill></PolyStyle></Style>
	<ExtendedData><SchemaData schemaUrl="#praças_belem">
		<SimpleData name="element">way</SimpleData>
		<SimpleData name="id">431330076</SimpleData>
		<SimpleData name="leisure">park</SimpleData>
	</SchemaData></ExtendedData>
      <Polygon><outerBoundaryIs><LinearRing><coordinates>-48.4617533,-1.4204719 -48.4607672,-1.4193481 -48.460719,-1.4193958 -48.4610718,-1.4199058 -48.4613061,-1.4202236 -48.4615503,-1.4205496 -48.4615977,-1.4206143 -48.4617631,-1.4208864 -48.4619838,-1.4212223 -48.4622015,-1.4215356 -48.4624594,-1.4219281 -48.4627892,-1.4217235 -48.4627345,-1.421669 -48.4617533,-1.4204719</coordinates></LinearRing></outerBoundaryIs></Polygon>
  </Placemark>
  <Placemark id="praças_belem.131">
	<name>Praça Benedito Monteiro</name>
	<Style><LineStyle><color>ff0000ff</color></LineStyle><PolyStyle><fill>0</fill></PolyStyle></Style>
	<ExtendedData><SchemaData schemaUrl="#praças_belem">
		<SimpleData name="element">way</SimpleData>
		<SimpleData name="id">431588472</SimpleData>
		<SimpleData name="leisure">park</SimpleData>
	</SchemaData></ExtendedData>
      <Polygon><outerBoundaryIs><LinearRing><coordinates>-48.4626968,-1.4673592 -48.4627104,-1.4678486 -48.4625408,-1.4678549 -48.4625414,-1.4677349 -48.4625372,-1.4673481 -48.4626968,-1.4673592</coordinates></LinearRing></outerBoundaryIs></Polygon>
  </Placemark>
  <Placemark id="praças_belem.132">
	<Style><LineStyle><color>ff0000ff</color></LineStyle><PolyStyle><fill>0</fill></PolyStyle></Style>
	<ExtendedData><SchemaData schemaUrl="#praças_belem">
		<SimpleData name="element">way</SimpleData>
		<SimpleData name="id">431790688</SimpleData>
		<SimpleData name="leisure">park</SimpleData>
	</SchemaData></ExtendedData>
      <Polygon><outerBoundaryIs><LinearRing><coordinates>-48.4761221,-1.4396571 -48.4760792,-1.4396028 -48.4759598,-1.4394346 -48.4759203,-1.4395619 -48.4761152,-1.4397537 -48.4761221,-1.4396571</coordinates></LinearRing></outerBoundaryIs></Polygon>
  </Placemark>
  <Placemark id="praças_belem.133">
	<name>Espaço ITEC Cidadão</name>
	<Style><LineStyle><color>ff0000ff</color></LineStyle><PolyStyle><fill>0</fill></PolyStyle></Style>
	<ExtendedData><SchemaData schemaUrl="#praças_belem">
		<SimpleData name="element">way</SimpleData>
		<SimpleData name="id">441500456</SimpleData>
		<SimpleData name="leisure">park</SimpleData>
		<SimpleData name="operator">UFPA</SimpleData>
		<SimpleData name="landuse">greenfield</SimpleData>
	</SchemaData></ExtendedData>
      <Polygon><outerBoundaryIs><LinearRing><coordinates>-48.4546566,-1.4738359 -48.4546457,-1.474025 -48.4546023,-1.474168 -48.454549,-1.4743257 -48.4544946,-1.4745195 -48.4544556,-1.4746617 -48.4544233,-1.47478 -48.4543994,-1.4748586 -48.4543697,-1.4749358 -48.4543387,-1.4750071 -48.4542818,-1.4751322 -48.4542206,-1.4752328 -48.4541698,-1.4753347 -48.4541114,-1.4754505 -48.4540706,-1.4755083 -48.4540354,-1.4755611 -48.4539428,-1.4756876 -48.4539092,-1.4757146 -48.4539119,-1.4757596 -48.4539187,-1.4758029 -48.4539801,-1.4758518 -48.4540496,-1.4758983 -48.4540896,-1.4759251 -48.4541199,-1.4759139 -48.4541903,-1.4758309 -48.4542322,-1.4757647 -48.454261,-1.4757379 -48.4543254,-1.4756467 -48.4544329,-1.4754632 -48.454489,-1.4753739 -48.454538,-1.4752868 -48.4546411,-1.4751274 -48.4546664,-1.4750801 -48.4546835,-1.4750356 -48.4547473,-1.4748984 -48.4548075,-1.4747659 -48.4548652,-1.4746339 -48.454894,-1.4745588 -48.4549349,-1.4744153 -48.4550131,-1.4741312 -48.4550402,-1.4740413 -48.4550436,-1.4739048 -48.4550342,-1.473886 -48.4549719,-1.473868 -48.4546566,-1.4738359</coordinates></LinearRing></outerBoundaryIs></Polygon>
  </Placemark>
  <Placemark id="praças_belem.134">
	<name>Praça João Coelho</name>
	<Style><LineStyle><color>ff0000ff</color></LineStyle><PolyStyle><fill>0</fill></PolyStyle></Style>
	<ExtendedData><SchemaData schemaUrl="#praças_belem">
		<SimpleData name="element">way</SimpleData>
		<SimpleData name="id">466687419</SimpleData>
		<SimpleData name="leisure">park</SimpleData>
		<SimpleData name="alt_name">Parque João Coelho</SimpleData>
	</SchemaData></ExtendedData>
      <Polygon><outerBoundaryIs><LinearRing><coordinates>-48.4930784,-1.4529568 -48.4936015,-1.4534241 -48.4941317,-1.4529069 -48.4943995,-1.453221 -48.4938692,-1.4535131 -48.4928413,-1.4541154 -48.4927385,-1.4540385 -48.4926686,-1.4540009 -48.4926173,-1.4539745 -48.492548,-1.453942 -48.4926168,-1.4538018 -48.4926509,-1.4537645 -48.4930784,-1.4529568</coordinates></LinearRing></outerBoundaryIs></Polygon>
  </Placemark>
  <Placemark id="praças_belem.135">
	<name>Bosque Tenoné</name>
	<Style><LineStyle><color>ff0000ff</color></LineStyle><PolyStyle><fill>0</fill></PolyStyle></Style>
	<ExtendedData><SchemaData schemaUrl="#praças_belem">
		<SimpleData name="element">way</SimpleData>
		<SimpleData name="id">473051260</SimpleData>
		<SimpleData name="leisure">park</SimpleData>
		<SimpleData name="natural">wood</SimpleData>
	</SchemaData></ExtendedData>
      <Polygon><outerBoundaryIs><LinearRing><coordinates>-48.4304706,-1.3213086 -48.4304474,-1.3216413 -48.4304399,-1.3217574 -48.4280687,-1.3216149 -48.4281154,-1.3210833 -48.4304729,-1.3212371 -48.4304706,-1.3213086</coordinates></LinearRing></outerBoundaryIs></Polygon>
  </Placemark>
  <Placemark id="praças_belem.136">
	<Style><LineStyle><color>ff0000ff</color></LineStyle><PolyStyle><fill>0</fill></PolyStyle></Style>
	<ExtendedData><SchemaData schemaUrl="#praças_belem">
		<SimpleData name="element">way</SimpleData>
		<SimpleData name="id">490752172</SimpleData>
		<SimpleData name="leisure">park</SimpleData>
	</SchemaData></ExtendedData>
      <Polygon><outerBoundaryIs><LinearRing><coordinates>-48.4574269,-1.3393566 -48.4573868,-1.3390791 -48.4568439,-1.3394137 -48.4568007,-1.3394892 -48.4574269,-1.3393566</coordinates></LinearRing></outerBoundaryIs></Polygon>
  </Placemark>
  <Placemark id="praças_belem.137">
	<Style><LineStyle><color>ff0000ff</color></LineStyle><PolyStyle><fill>0</fill></PolyStyle></Style>
	<ExtendedData><SchemaData schemaUrl="#praças_belem">
		<SimpleData name="element">way</SimpleData>
		<SimpleData name="id">490755908</SimpleData>
		<SimpleData name="leisure">park</SimpleData>
	</SchemaData></ExtendedData>
      <Polygon><outerBoundaryIs><LinearRing><coordinates>-48.4590178,-1.250031 -48.4584941,-1.2505499 -48.4585081,-1.2506481 -48.4585081,-1.2507322 -48.4581387,-1.2511062 -48.4581841,-1.2511424 -48.4591253,-1.2501666 -48.4590178,-1.250031</coordinates></LinearRing></outerBoundaryIs></Polygon>
  </Placemark>
  <Placemark id="praças_belem.138">
	<Style><LineStyle><color>ff0000ff</color></LineStyle><PolyStyle><fill>0</fill></PolyStyle></Style>
	<ExtendedData><SchemaData schemaUrl="#praças_belem">
		<SimpleData name="element">way</SimpleData>
		<SimpleData name="id">490760751</SimpleData>
		<SimpleData name="leisure">park</SimpleData>
	</SchemaData></ExtendedData>
      <Polygon><outerBoundaryIs><LinearRing><coordinates>-48.4664352,-1.1348526 -48.4668856,-1.1344979 -48.4668146,-1.1350346 -48.4664352,-1.1348526</coordinates></LinearRing></outerBoundaryIs></Polygon>
  </Placemark>
  <Placemark id="praças_belem.139">
	<Style><LineStyle><color>ff0000ff</color></LineStyle><PolyStyle><fill>0</fill></PolyStyle></Style>
	<ExtendedData><SchemaData schemaUrl="#praças_belem">
		<SimpleData name="element">way</SimpleData>
		<SimpleData name="id">490767200</SimpleData>
		<SimpleData name="leisure">park</SimpleData>
	</SchemaData></ExtendedData>
      <Polygon><outerBoundaryIs><LinearRing><coordinates>-48.4343616,-1.1199132 -48.4338311,-1.1201673 -48.4340079,-1.1205616 -48.4344937,-1.1203055 -48.4345283,-1.1202283 -48.4343616,-1.1199132</coordinates></LinearRing></outerBoundaryIs></Polygon>
  </Placemark>
  <Placemark id="praças_belem.140">
	<Style><LineStyle><color>ff0000ff</color></LineStyle><PolyStyle><fill>0</fill></PolyStyle></Style>
	<ExtendedData><SchemaData schemaUrl="#praças_belem">
		<SimpleData name="element">way</SimpleData>
		<SimpleData name="id">490778988</SimpleData>
		<SimpleData name="leisure">park</SimpleData>
	</SchemaData></ExtendedData>
      <Polygon><outerBoundaryIs><LinearRing><coordinates>-48.4097567,-1.0947624 -48.4099472,-1.094708 -48.409986,-1.0945797 -48.4099472,-1.0944398 -48.4098306,-1.0943426 -48.4096984,-1.0943465 -48.4095896,-1.0944281 -48.4095701,-1.0945447 -48.4096051,-1.0946458 -48.4096518,-1.0947235 -48.4097567,-1.0947624</coordinates></LinearRing></outerBoundaryIs></Polygon>
  </Placemark>
  <Placemark id="praças_belem.141">
	<name>Bosque Prof. Humberto Marinho</name>
	<Style><LineStyle><color>ff0000ff</color></LineStyle><PolyStyle><fill>0</fill></PolyStyle></Style>
	<ExtendedData><SchemaData schemaUrl="#praças_belem">
		<SimpleData name="element">way</SimpleData>
		<SimpleData name="id">491357667</SimpleData>
		<SimpleData name="leisure">park</SimpleData>
	</SchemaData></ExtendedData>
      <Polygon><outerBoundaryIs><LinearRing><coordinates>-48.4369577,-1.4589736 -48.4365385,-1.4596713 -48.4368499,-1.4598472 -48.4371162,-1.459371 -48.4371463,-1.4592906 -48.4371356,-1.4592102 -48.4371182,-1.4591692 -48.4370995,-1.4591282 -48.437052,-1.4590538 -48.4369577,-1.4589736</coordinates></LinearRing></outerBoundaryIs></Polygon>
  </Placemark>
  <Placemark id="praças_belem.142">
	<name>Praça de solos</name>
	<Style><LineStyle><color>ff0000ff</color></LineStyle><PolyStyle><fill>0</fill></PolyStyle></Style>
	<ExtendedData><SchemaData schemaUrl="#praças_belem">
		<SimpleData name="element">way</SimpleData>
		<SimpleData name="id">491932433</SimpleData>
		<SimpleData name="leisure">park</SimpleData>
		<SimpleData name="operator">Universidade federal rural da amazônia</SimpleData>
		<SimpleData name="natural">tree_row</SimpleData>
	</SchemaData></ExtendedData>
      <Polygon><outerBoundaryIs><LinearRing><coordinates>-48.4446939,-1.454387 -48.4445903,-1.4544488 -48.4445185,-1.4544864 -48.4444894,-1.4544968 -48.4444621,-1.4544946 -48.4444391,-1.4544908 -48.4444169,-1.454479 -48.4442893,-1.4542958 -48.4441379,-1.4540666 -48.4439585,-1.453785 -48.4439519,-1.4537677 -48.4439577,-1.4537542 -48.4439776,-1.4537429 -48.4440142,-1.4537541 -48.4442685,-1.4539607 -48.4444017,-1.4540695 -48.4445327,-1.4541743 -48.4447252,-1.454325 -48.4447309,-1.4543418 -48.4447245,-1.4543572 -48.4446939,-1.454387</coordinates></LinearRing></outerBoundaryIs></Polygon>
  </Placemark>
  <Placemark id="praças_belem.143">
	<Style><LineStyle><color>ff0000ff</color></LineStyle><PolyStyle><fill>0</fill></PolyStyle></Style>
	<ExtendedData><SchemaData schemaUrl="#praças_belem">
		<SimpleData name="element">way</SimpleData>
		<SimpleData name="id">491932448</SimpleData>
		<SimpleData name="leisure">park</SimpleData>
	</SchemaData></ExtendedData>
      <Polygon><outerBoundaryIs><LinearRing><coordinates>-48.4347062,-1.4640097 -48.4346388,-1.4641076 -48.4344824,-1.4643363 -48.4344543,-1.464411 -48.4345057,-1.464439 -48.4346201,-1.4642686 -48.4347042,-1.4642593 -48.4347696,-1.4642103 -48.434849,-1.4641309 -48.4349517,-1.4642313 -48.4348746,-1.4643293 -48.4347649,-1.4642967 -48.4347322,-1.4643037 -48.4347322,-1.464397 -48.4346482,-1.4644577 -48.4346178,-1.4645161 -48.4346995,-1.4645651 -48.4346388,-1.4646865 -48.4345174,-1.4646515 -48.4344193,-1.4646468 -48.434382,-1.4647402 -48.4343516,-1.4648779 -48.434466,-1.4650157 -48.4345524,-1.4650765 -48.4350586,-1.4642245 -48.4347062,-1.4640097</coordinates></LinearRing></outerBoundaryIs></Polygon>
  </Placemark>
  <Placemark id="praças_belem.144">
	<name>Praça da Vila Militar</name>
	<Style><LineStyle><color>ff0000ff</color></LineStyle><PolyStyle><fill>0</fill></PolyStyle></Style>
	<ExtendedData><SchemaData schemaUrl="#praças_belem">
		<SimpleData name="element">way</SimpleData>
		<SimpleData name="id">500264096</SimpleData>
		<SimpleData name="leisure">park</SimpleData>
	</SchemaData></ExtendedData>
      <Polygon><outerBoundaryIs><LinearRing><coordinates>-48.4445465,-1.409928 -48.4441871,-1.4103356 -48.4429097,-1.411889 -48.4428185,-1.412007 -48.4428668,-1.4118408 -48.443355,-1.4111677 -48.4444421,-1.4098435 -48.4445465,-1.409928</coordinates></LinearRing></outerBoundaryIs></Polygon>
  </Placemark>
  <Placemark id="praças_belem.145">
	<name>Praça da Vila Militar</name>
	<Style><LineStyle><color>ff0000ff</color></LineStyle><PolyStyle><fill>0</fill></PolyStyle></Style>
	<ExtendedData><SchemaData schemaUrl="#praças_belem">
		<SimpleData name="element">way</SimpleData>
		<SimpleData name="id">500264097</SimpleData>
		<SimpleData name="leisure">park</SimpleData>
	</SchemaData></ExtendedData>
      <Polygon><outerBoundaryIs><LinearRing><coordinates>-48.4446044,-1.4098449 -48.4445132,-1.4097698 -48.4448377,-1.4093998 -48.4449316,-1.4094883 -48.4446044,-1.4098449</coordinates></LinearRing></outerBoundaryIs></Polygon>
  </Placemark>
  <Placemark id="praças_belem.146">
	<name>John Lennon</name>
	<Style><LineStyle><color>ff0000ff</color></LineStyle><PolyStyle><fill>0</fill></PolyStyle></Style>
	<ExtendedData><SchemaData schemaUrl="#praças_belem">
		<SimpleData name="element">way</SimpleData>
		<SimpleData name="id">507170469</SimpleData>
		<SimpleData name="leisure">park</SimpleData>
	</SchemaData></ExtendedData>
      <Polygon><outerBoundaryIs><LinearRing><coordinates>-48.4555571,-1.3955839 -48.454587,-1.3955329 -48.4545622,-1.395892 -48.4555296,-1.395948 -48.4555571,-1.3955839</coordinates></LinearRing></outerBoundaryIs></Polygon>
  </Placemark>
  <Placemark id="praças_belem.147">
	<name>Praça Tancredo Neves</name>
	<Style><LineStyle><color>ff0000ff</color></LineStyle><PolyStyle><fill>0</fill></PolyStyle></Style>
	<ExtendedData><SchemaData schemaUrl="#praças_belem">
		<SimpleData name="element">way</SimpleData>
		<SimpleData name="id">507170471</SimpleData>
		<SimpleData name="leisure">park</SimpleData>
	</SchemaData></ExtendedData>
      <Polygon><outerBoundaryIs><LinearRing><coordinates>-48.456863,-1.3956886 -48.4572263,-1.395711 -48.4571968,-1.3960897 -48.4568359,-1.3960642 -48.456863,-1.3956886</coordinates></LinearRing></outerBoundaryIs></Polygon>
  </Placemark>
  <Placemark id="praças_belem.148">
	<Style><LineStyle><color>ff0000ff</color></LineStyle><PolyStyle><fill>0</fill></PolyStyle></Style>
	<ExtendedData><SchemaData schemaUrl="#praças_belem">
		<SimpleData name="element">way</SimpleData>
		<SimpleData name="id">507170473</SimpleData>
		<SimpleData name="leisure">park</SimpleData>
	</SchemaData></ExtendedData>
      <Polygon><outerBoundaryIs><LinearRing><coordinates>-48.4567358,-1.3973298 -48.457091,-1.3973613 -48.4570715,-1.3977234 -48.4567013,-1.3976843 -48.4567358,-1.3973298</coordinates></LinearRing></outerBoundaryIs></Polygon>
  </Placemark>
  <Placemark id="praças_belem.149">
	<Style><LineStyle><color>ff0000ff</color></LineStyle><PolyStyle><fill>0</fill></PolyStyle></Style>
	<ExtendedData><SchemaData schemaUrl="#praças_belem">
		<SimpleData name="element">way</SimpleData>
		<SimpleData name="id">507170475</SimpleData>
		<SimpleData name="leisure">park</SimpleData>
	</SchemaData></ExtendedData>
      <Polygon><outerBoundaryIs><LinearRing><coordinates>-48.4566256,-1.3989598 -48.4569872,-1.3989928 -48.4569635,-1.399321 -48.4566,-1.3992983 -48.4566256,-1.3989598</coordinates></LinearRing></outerBoundaryIs></Polygon>
  </Placemark>
  <Placemark id="praças_belem.150">
	<Style><LineStyle><color>ff0000ff</color></LineStyle><PolyStyle><fill>0</fill></PolyStyle></Style>
	<ExtendedData><SchemaData schemaUrl="#praças_belem">
		<SimpleData name="element">way</SimpleData>
		<SimpleData name="id">507170477</SimpleData>
		<SimpleData name="leisure">park</SimpleData>
	</SchemaData></ExtendedData>
      <Polygon><outerBoundaryIs><LinearRing><coordinates>-48.4541944,-1.4004007 -48.4541519,-1.4008302 -48.4551424,-1.400879 -48.4552098,-1.4004828 -48.4541944,-1.4004007</coordinates></LinearRing></outerBoundaryIs></Polygon>
  </Placemark>
  <Placemark id="praças_belem.151">
	<Style><LineStyle><color>ff0000ff</color></LineStyle><PolyStyle><fill>0</fill></PolyStyle></Style>
	<ExtendedData><SchemaData schemaUrl="#praças_belem">
		<SimpleData name="element">way</SimpleData>
		<SimpleData name="id">507170479</SimpleData>
		<SimpleData name="leisure">park</SimpleData>
	</SchemaData></ExtendedData>
      <Polygon><outerBoundaryIs><LinearRing><coordinates>-48.456506,-1.4005605 -48.4568641,-1.4005956 -48.4568386,-1.4009727 -48.4564691,-1.4009364 -48.456506,-1.4005605</coordinates></LinearRing></outerBoundaryIs></Polygon>
  </Placemark>
  <Placemark id="praças_belem.152">
	<Style><LineStyle><color>ff0000ff</color></LineStyle><PolyStyle><fill>0</fill></PolyStyle></Style>
	<ExtendedData><SchemaData schemaUrl="#praças_belem">
		<SimpleData name="element">way</SimpleData>
		<SimpleData name="id">537203393</SimpleData>
		<SimpleData name="leisure">park</SimpleData>
	</SchemaData></ExtendedData>
      <Polygon><outerBoundaryIs><LinearRing><coordinates>-48.4612017,-1.4376085 -48.4611975,-1.4376025 -48.4611852,-1.437611 -48.4609165,-1.4377952 -48.4609053,-1.437803 -48.4610755,-1.4380336 -48.4613642,-1.4378342 -48.4613297,-1.4377901 -48.4612328,-1.4376521 -48.4612017,-1.4376085</coordinates></LinearRing></outerBoundaryIs></Polygon>
  </Placemark>
  <Placemark id="praças_belem.153">
	<name>Praça do Jk</name>
	<Style><LineStyle><color>ff0000ff</color></LineStyle><PolyStyle><fill>0</fill></PolyStyle></Style>
	<ExtendedData><SchemaData schemaUrl="#praças_belem">
		<SimpleData name="element">way</SimpleData>
		<SimpleData name="id">546351003</SimpleData>
		<SimpleData name="leisure">park</SimpleData>
	</SchemaData></ExtendedData>
      <Polygon><outerBoundaryIs><LinearRing><coordinates>-48.4353141,-1.4071427 -48.4350483,-1.4069346 -48.4348843,-1.4071272 -48.4351949,-1.4072981 -48.4353141,-1.4071427</coordinates></LinearRing></outerBoundaryIs></Polygon>
  </Placemark>
  <Placemark id="praças_belem.154">
	<Style><LineStyle><color>ff0000ff</color></LineStyle><PolyStyle><fill>0</fill></PolyStyle></Style>
	<ExtendedData><SchemaData schemaUrl="#praças_belem">
		<SimpleData name="element">way</SimpleData>
		<SimpleData name="id">548685319</SimpleData>
		<SimpleData name="leisure">park</SimpleData>
	</SchemaData></ExtendedData>
      <Polygon><outerBoundaryIs><LinearRing><coordinates>-48.473408,-1.3983171 -48.4728474,-1.3988988 -48.4728473,-1.3983277 -48.473408,-1.3983171</coordinates></LinearRing></outerBoundaryIs></Polygon>
  </Placemark>
  <Placemark id="praças_belem.155">
	<Style><LineStyle><color>ff0000ff</color></LineStyle><PolyStyle><fill>0</fill></PolyStyle></Style>
	<ExtendedData><SchemaData schemaUrl="#praças_belem">
		<SimpleData name="element">way</SimpleData>
		<SimpleData name="id">550172113</SimpleData>
		<SimpleData name="leisure">park</SimpleData>
	</SchemaData></ExtendedData>
      <Polygon><outerBoundaryIs><LinearRing><coordinates>-48.4666666,-1.3477689 -48.4665352,-1.3479016 -48.4664239,-1.3479753 -48.4627667,-1.348584 -48.4622611,-1.3487798 -48.4622048,-1.3485639 -48.4627654,-1.3484593 -48.4661919,-1.3478171 -48.4663636,-1.3477474 -48.4665902,-1.3476361 -48.4666774,-1.3476844 -48.4666666,-1.3477689</coordinates></LinearRing></outerBoundaryIs></Polygon>
  </Placemark>
  <Placemark id="praças_belem.156">
	<name>Praça do Marex</name>
	<Style><LineStyle><color>ff0000ff</color></LineStyle><PolyStyle><fill>0</fill></PolyStyle></Style>
	<ExtendedData><SchemaData schemaUrl="#praças_belem">
		<SimpleData name="element">way</SimpleData>
		<SimpleData name="id">550172415</SimpleData>
		<SimpleData name="leisure">park</SimpleData>
	</SchemaData></ExtendedData>
      <Polygon><outerBoundaryIs><LinearRing><coordinates>-48.4760565,-1.3973426 -48.4760596,-1.3991119 -48.4749768,-1.3993199 -48.4748444,-1.3992689 -48.4744257,-1.3987826 -48.4758886,-1.3972978 -48.4759681,-1.397268 -48.4760186,-1.3972842 -48.4760565,-1.3973426</coordinates></LinearRing></outerBoundaryIs></Polygon>
  </Placemark>
  <Placemark id="praças_belem.157">
	<name>Praça central Ufra</name>
	<Style><LineStyle><color>ff0000ff</color></LineStyle><PolyStyle><fill>0</fill></PolyStyle></Style>
	<ExtendedData><SchemaData schemaUrl="#praças_belem">
		<SimpleData name="element">way</SimpleData>
		<SimpleData name="id">555011923</SimpleData>
		<SimpleData name="leisure">park</SimpleData>
		<SimpleData name="operator">Universidade Federal Rural da Amazônia</SimpleData>
	</SchemaData></ExtendedData>
      <Polygon><outerBoundaryIs><LinearRing><coordinates>-48.4344423,-1.4592241 -48.4344289,-1.4591777 -48.4344057,-1.4591354 -48.4343739,-1.4590991 -48.434335,-1.4590705 -48.4342909,-1.4590511 -48.4342435,-1.4590416 -48.4341953,-1.4590427 -48.4341484,-1.4590541 -48.4341051,-1.4590754 -48.4340675,-1.4591057 -48.4340373,-1.4591433 -48.4340159,-1.4591866 -48.4340045,-1.4592334 -48.4340035,-1.4592817 -48.4340129,-1.459329 -48.4340305,-1.4593697 -48.4340558,-1.4594061 -48.4340878,-1.4594368 -48.4341254,-1.4594604 -48.4341668,-1.4594761 -48.4342106,-1.4594832 -48.4342549,-1.4594815 -48.434298,-1.459471 -48.4343381,-1.4594521 -48.4343737,-1.4594256 -48.4344032,-1.4593925 -48.4344256,-1.4593542 -48.4344399,-1.4593122 -48.4344455,-1.4592683 -48.4344423,-1.4592241</coordinates></LinearRing></outerBoundaryIs></Polygon>
  </Placemark>
  <Placemark id="praças_belem.158">
	<name>Praça do Jardim Europa</name>
	<Style><LineStyle><color>ff0000ff</color></LineStyle><PolyStyle><fill>0</fill></PolyStyle></Style>
	<ExtendedData><SchemaData schemaUrl="#praças_belem">
		<SimpleData name="element">way</SimpleData>
		<SimpleData name="id">559729520</SimpleData>
		<SimpleData name="leisure">park</SimpleData>
	</SchemaData></ExtendedData>
      <Polygon><outerBoundaryIs><LinearRing><coordinates>-48.4269533,-1.3613694 -48.4265529,-1.3620177 -48.4264695,-1.361977 -48.4268131,-1.3612739 -48.4269533,-1.3613694</coordinates></LinearRing></outerBoundaryIs></Polygon>
  </Placemark>
  <Placemark id="praças_belem.159">
	<name>Praça das Castanheiras</name>
	<Style><LineStyle><color>ff0000ff</color></LineStyle><PolyStyle><fill>0</fill></PolyStyle></Style>
	<ExtendedData><SchemaData schemaUrl="#praças_belem">
		<SimpleData name="element">way</SimpleData>
		<SimpleData name="id">599451277</SimpleData>
		<SimpleData name="leisure">park</SimpleData>
	</SchemaData></ExtendedData>
      <Polygon><outerBoundaryIs><LinearRing><coordinates>-48.4488364,-1.4314021 -48.4487864,-1.4313749 -48.4486048,-1.4312921 -48.4485097,-1.4314752 -48.4484467,-1.4314392 -48.4483478,-1.431684 -48.4486643,-1.4318315 -48.4488364,-1.4314021</coordinates></LinearRing></outerBoundaryIs></Polygon>
  </Placemark>
  <Placemark id="praças_belem.160">
	<Style><LineStyle><color>ff0000ff</color></LineStyle><PolyStyle><fill>0</fill></PolyStyle></Style>
	<ExtendedData><SchemaData schemaUrl="#praças_belem">
		<SimpleData name="element">way</SimpleData>
		<SimpleData name="id">607471630</SimpleData>
		<SimpleData name="leisure">park</SimpleData>
	</SchemaData></ExtendedData>
      <Polygon><outerBoundaryIs><LinearRing><coordinates>-48.4514552,-1.3540911 -48.4515036,-1.354396 -48.4509409,-1.3544853 -48.4514552,-1.3540911</coordinates></LinearRing></outerBoundaryIs></Polygon>
  </Placemark>
  <Placemark id="praças_belem.161">
	<Style><LineStyle><color>ff0000ff</color></LineStyle><PolyStyle><fill>0</fill></PolyStyle></Style>
	<ExtendedData><SchemaData schemaUrl="#praças_belem">
		<SimpleData name="element">way</SimpleData>
		<SimpleData name="id">607471631</SimpleData>
		<SimpleData name="leisure">park</SimpleData>
	</SchemaData></ExtendedData>
      <Polygon><outerBoundaryIs><LinearRing><coordinates>-48.4522765,-1.3534368 -48.4523242,-1.3538067 -48.4517007,-1.3538818 -48.4522765,-1.3534368</coordinates></LinearRing></outerBoundaryIs></Polygon>
  </Placemark>
  <Placemark id="praças_belem.162">
	<name>Praça do Catalina</name>
	<Style><LineStyle><color>ff0000ff</color></LineStyle><PolyStyle><fill>0</fill></PolyStyle></Style>
	<ExtendedData><SchemaData schemaUrl="#praças_belem">
		<SimpleData name="element">way</SimpleData>
		<SimpleData name="id">626229603</SimpleData>
		<SimpleData name="leisure">park</SimpleData>
	</SchemaData></ExtendedData>
      <Polygon><outerBoundaryIs><LinearRing><coordinates>-48.4580348,-1.3790443 -48.4580278,-1.3794701 -48.4588032,-1.3794828 -48.4588101,-1.379057 -48.4580348,-1.3790443</coordinates></LinearRing></outerBoundaryIs></Polygon>
  </Placemark>
  <Placemark id="praças_belem.163">
	<name>catalina</name>
	<Style><LineStyle><color>ff0000ff</color></LineStyle><PolyStyle><fill>0</fill></PolyStyle></Style>
	<ExtendedData><SchemaData schemaUrl="#praças_belem">
		<SimpleData name="element">way</SimpleData>
		<SimpleData name="id">626229608</SimpleData>
		<SimpleData name="leisure">park</SimpleData>
		<SimpleData name="addr:city">Belém</SimpleData>
		<SimpleData name="addr:postcode">66640-280</SimpleData>
		<SimpleData name="addr:street">Travessa 3</SimpleData>
		<SimpleData name="addr:suburb">mangueirão</SimpleData>
	</SchemaData></ExtendedData>
      <Polygon><outerBoundaryIs><LinearRing><coordinates>-48.4609321,-1.3800723 -48.4608812,-1.3802305 -48.4608248,-1.3803297 -48.4607873,-1.3804879 -48.4607578,-1.3811315 -48.4606022,-1.3818555 -48.4605754,-1.3819734 -48.4605164,-1.3819842 -48.4605056,-1.3821477 -48.4605861,-1.3821692 -48.4605807,-1.3823274 -48.4604359,-1.3823864 -48.460334,-1.3827323 -48.4604547,-1.3827457 -48.4605861,-1.382676 -48.4606666,-1.3825178 -48.4608275,-1.3818126 -48.4608562,-1.3814778 -48.4609187,-1.3811744 -48.46096,-1.3807024 -48.4610421,-1.3802305 -48.4610582,-1.3800643 -48.4609321,-1.3800723</coordinates></LinearRing></outerBoundaryIs></Polygon>
  </Placemark>
  <Placemark id="praças_belem.164">
	<Style><LineStyle><color>ff0000ff</color></LineStyle><PolyStyle><fill>0</fill></PolyStyle></Style>
	<ExtendedData><SchemaData schemaUrl="#praças_belem">
		<SimpleData name="element">way</SimpleData>
		<SimpleData name="id">626229615</SimpleData>
		<SimpleData name="leisure">park</SimpleData>
	</SchemaData></ExtendedData>
      <Polygon><outerBoundaryIs><LinearRing><coordinates>-48.4594548,-1.3819632 -48.4590496,-1.3819584 -48.4585586,-1.3819533 -48.4589214,-1.3823248 -48.4590596,-1.382587 -48.4593506,-1.3833099 -48.4593807,-1.3833205 -48.4594037,-1.3833152 -48.4594356,-1.3832834 -48.4594466,-1.3825261 -48.4594548,-1.3819632</coordinates></LinearRing></outerBoundaryIs></Polygon>
  </Placemark>
  <Placemark id="praças_belem.165">
	<name>Praça Dois de Junho Tenente Souza</name>
	<Style><LineStyle><color>ff0000ff</color></LineStyle><PolyStyle><fill>0</fill></PolyStyle></Style>
	<ExtendedData><SchemaData schemaUrl="#praças_belem">
		<SimpleData name="element">way</SimpleData>
		<SimpleData name="id">655938223</SimpleData>
		<SimpleData name="leisure">park</SimpleData>
		<SimpleData name="addr:street">Passagem 2 de Junho</SimpleData>
		<SimpleData name="addr:suburb">TERRA FIRME</SimpleData>
	</SchemaData></ExtendedData>
      <Polygon><outerBoundaryIs><LinearRing><coordinates>-48.449698,-1.4564317 -48.4493597,-1.4563991 -48.4493767,-1.4565753 -48.449698,-1.4564317</coordinates></LinearRing></outerBoundaryIs></Polygon>
  </Placemark>
  <Placemark id="praças_belem.166">
	<Style><LineStyle><color>ff0000ff</color></LineStyle><PolyStyle><fill>0</fill></PolyStyle></Style>
	<ExtendedData><SchemaData schemaUrl="#praças_belem">
		<SimpleData name="element">way</SimpleData>
		<SimpleData name="id">682176424</SimpleData>
		<SimpleData name="leisure">park</SimpleData>
		<SimpleData name="landuse">recreation_ground</SimpleData>
	</SchemaData></ExtendedData>
      <Polygon><outerBoundaryIs><LinearRing><coordinates>-48.4544853,-1.4740596 -48.4539457,-1.4740538 -48.454429,-1.4744612 -48.4544853,-1.4740596</coordinates></LinearRing></outerBoundaryIs></Polygon>
  </Placemark>
  <Placemark id="praças_belem.167">
	<name>Refloretamento</name>
	<Style><LineStyle><color>ff0000ff</color></LineStyle><PolyStyle><fill>0</fill></PolyStyle></Style>
	<ExtendedData><SchemaData schemaUrl="#praças_belem">
		<SimpleData name="element">way</SimpleData>
		<SimpleData name="id">696156785</SimpleData>
		<SimpleData name="leisure">park</SimpleData>
		<SimpleData name="leaf_type">broadleaved</SimpleData>
		<SimpleData name="leaf_cycle">evergreen</SimpleData>
	</SchemaData></ExtendedData>
      <Polygon><outerBoundaryIs><LinearRing><coordinates>-48.434108,-1.4569339 -48.4345291,-1.4571966 -48.434543,-1.4572301 -48.4345618,-1.4572995 -48.4345723,-1.4573502 -48.434572,-1.4573924 -48.4345727,-1.4574433 -48.4345605,-1.4575059 -48.4339885,-1.4582873 -48.4340386,-1.4577091 -48.4340107,-1.4570628 -48.4340317,-1.4570331 -48.4340693,-1.4570077 -48.4340453,-1.4569723 -48.434108,-1.4569339</coordinates></LinearRing></outerBoundaryIs></Polygon>
  </Placemark>
  <Placemark id="praças_belem.168">
	<name>Reflorestamento</name>
	<Style><LineStyle><color>ff0000ff</color></LineStyle><PolyStyle><fill>0</fill></PolyStyle></Style>
	<ExtendedData><SchemaData schemaUrl="#praças_belem">
		<SimpleData name="element">way</SimpleData>
		<SimpleData name="id">696156786</SimpleData>
		<SimpleData name="leisure">park</SimpleData>
		<SimpleData name="leaf_type">broadleaved</SimpleData>
		<SimpleData name="leaf_cycle">evergreen</SimpleData>
	</SchemaData></ExtendedData>
      <Polygon><outerBoundaryIs><LinearRing><coordinates>-48.4338317,-1.4570793 -48.433622,-1.457226 -48.4335611,-1.4573051 -48.4334911,-1.4573994 -48.4334615,-1.4574518 -48.4334364,-1.4575057 -48.4334073,-1.4575813 -48.4333921,-1.4576248 -48.4333784,-1.4576743 -48.4333715,-1.4577344 -48.4333721,-1.4577945 -48.433371,-1.4578561 -48.4333775,-1.4579268 -48.4334354,-1.4581539 -48.4335355,-1.4583211 -48.4336045,-1.4584043 -48.4336842,-1.458481 -48.4337352,-1.4584823 -48.4337775,-1.4584622 -48.4338408,-1.4584285 -48.4339008,-1.4583845 -48.4339423,-1.4583238 -48.4339923,-1.4577093 -48.4339615,-1.4570356 -48.4338666,-1.4571022 -48.4338317,-1.4570793</coordinates></LinearRing></outerBoundaryIs></Polygon>
  </Placemark>
  <Placemark id="praças_belem.169">
	<name>Praça da Carnaúba</name>
	<Style><LineStyle><color>ff0000ff</color></LineStyle><PolyStyle><fill>0</fill></PolyStyle></Style>
	<ExtendedData><SchemaData schemaUrl="#praças_belem">
		<SimpleData name="element">way</SimpleData>
		<SimpleData name="id">704445416</SimpleData>
		<SimpleData name="leisure">park</SimpleData>
		<SimpleData name="addr:city">Ananindeua</SimpleData>
		<SimpleData name="addr:postcode">67010-000</SimpleData>
		<SimpleData name="addr:street">Avenida João Paulo 2</SimpleData>
		<SimpleData name="addr:suburb">Guanabara</SimpleData>
	</SchemaData></ExtendedData>
      <Polygon><outerBoundaryIs><LinearRing><coordinates>-48.4198557,-1.4057709 -48.419922,-1.4056332 -48.4201618,-1.4057683 -48.4200804,-1.4058096 -48.4198557,-1.4057709</coordinates></LinearRing></outerBoundaryIs></Polygon>
  </Placemark>
  <Placemark id="praças_belem.170">
	<name>Praça da joão Paulo</name>
	<Style><LineStyle><color>ff0000ff</color></LineStyle><PolyStyle><fill>0</fill></PolyStyle></Style>
	<ExtendedData><SchemaData schemaUrl="#praças_belem">
		<SimpleData name="element">way</SimpleData>
		<SimpleData name="id">704445788</SimpleData>
		<SimpleData name="leisure">park</SimpleData>
		<SimpleData name="addr:city">Ananindeua</SimpleData>
		<SimpleData name="addr:street">Avenida João Paulo 2</SimpleData>
		<SimpleData name="addr:suburb">Guanabara</SimpleData>
	</SchemaData></ExtendedData>
      <Polygon><outerBoundaryIs><LinearRing><coordinates>-48.4226176,-1.4062695 -48.4229705,-1.4063051 -48.4229509,-1.4066491 -48.4228297,-1.4065225 -48.4226835,-1.4063693 -48.4226176,-1.4062695</coordinates></LinearRing></outerBoundaryIs></Polygon>
  </Placemark>
  <Placemark id="praças_belem.171">
	<name>praça de solos</name>
	<Style><LineStyle><color>ff0000ff</color></LineStyle><PolyStyle><fill>0</fill></PolyStyle></Style>
	<ExtendedData><SchemaData schemaUrl="#praças_belem">
		<SimpleData name="element">way</SimpleData>
		<SimpleData name="id">715425149</SimpleData>
		<SimpleData name="leisure">park</SimpleData>
	</SchemaData></ExtendedData>
      <Polygon><outerBoundaryIs><LinearRing><coordinates>-48.444698,-1.454347 -48.4444803,-1.4544715 -48.4441277,-1.4538763 -48.444698,-1.454347</coordinates></LinearRing></outerBoundaryIs></Polygon>
  </Placemark>
  <Placemark id="praças_belem.172">
	<name>praça da ufra</name>
	<Style><LineStyle><color>ff0000ff</color></LineStyle><PolyStyle><fill>0</fill></PolyStyle></Style>
	<ExtendedData><SchemaData schemaUrl="#praças_belem">
		<SimpleData name="element">way</SimpleData>
		<SimpleData name="id">715425150</SimpleData>
		<SimpleData name="leisure">park</SimpleData>
	</SchemaData></ExtendedData>
      <Polygon><outerBoundaryIs><LinearRing><coordinates>-48.4453412,-1.4547147 -48.444953,-1.4550905 -48.4445986,-1.4545669 -48.4448328,-1.4544529 -48.4453412,-1.4547147</coordinates></LinearRing></outerBoundaryIs></Polygon>
  </Placemark>
  <Placemark id="praças_belem.173">
	<name>Área Verde</name>
	<description>Área de vegetação do campus Básico da UFPA.</description>
	<Style><LineStyle><color>ff0000ff</color></LineStyle><PolyStyle><fill>0</fill></PolyStyle></Style>
	<ExtendedData><SchemaData schemaUrl="#praças_belem">
		<SimpleData name="element">way</SimpleData>
		<SimpleData name="id">722723777</SimpleData>
		<SimpleData name="leisure">park</SimpleData>
		<SimpleData name="landuse">grass</SimpleData>
		<SimpleData name="leaf_type">mixed</SimpleData>
		<SimpleData name="leaf_cycle">mixed</SimpleData>
	</SchemaData></ExtendedData>
      <Polygon><outerBoundaryIs><LinearRing><coordinates>-48.4560927,-1.4727978 -48.456075,-1.4730154 -48.4566572,-1.4730525 -48.4566696,-1.4729729 -48.4565953,-1.472957 -48.45662,-1.4726633 -48.4564431,-1.4726863 -48.4562148,-1.4727412 -48.4560927,-1.4727978</coordinates></LinearRing></outerBoundaryIs></Polygon>
  </Placemark>
  <Placemark id="praças_belem.174">
	<name>Área verde com monumento</name>
	<description>Área verde localizada no campus Básico da UFPA com monumento.</description>
	<Style><LineStyle><color>ff0000ff</color></LineStyle><PolyStyle><fill>0</fill></PolyStyle></Style>
	<ExtendedData><SchemaData schemaUrl="#praças_belem">
		<SimpleData name="element">way</SimpleData>
		<SimpleData name="id">722724456</SimpleData>
		<SimpleData name="leisure">park</SimpleData>
		<SimpleData name="opening_hours">Mo-Fr 08:00-17:00</SimpleData>
		<SimpleData name="addr:city">Belém</SimpleData>
		<SimpleData name="addr:street">UFPA - Campus Básico</SimpleData>
		<SimpleData name="operator">UFPA</SimpleData>
		<SimpleData name="landuse">grass</SimpleData>
	</SchemaData></ExtendedData>
      <Polygon><outerBoundaryIs><LinearRing><coordinates>-48.4562095,-1.4772471 -48.4561908,-1.4773577 -48.4562281,-1.4774269 -48.4563121,-1.4775082 -48.4564067,-1.4775881 -48.4565147,-1.4776681 -48.4566373,-1.4777347 -48.4566959,-1.4777493 -48.4567292,-1.4777307 -48.4567372,-1.4776734 -48.4567266,-1.4776228 -48.4567012,-1.4775615 -48.4566573,-1.4775295 -48.4566466,-1.4775015 -48.4566653,-1.4774469 -48.4566653,-1.4774096 -48.4566853,-1.4773164 -48.4562095,-1.4772471</coordinates></LinearRing></outerBoundaryIs></Polygon>
  </Placemark>
  <Placemark id="praças_belem.175">
	<name>Rua Curuçá</name>
	<Style><LineStyle><color>ff0000ff</color></LineStyle><PolyStyle><fill>0</fill></PolyStyle></Style>
	<ExtendedData><SchemaData schemaUrl="#praças_belem">
		<SimpleData name="element">way</SimpleData>
		<SimpleData name="id">742169106</SimpleData>
		<SimpleData name="leisure">park</SimpleData>
		<SimpleData name="highway">residential</SimpleData>
	</SchemaData></ExtendedData>
      <LineString><coordinates>-48.4822969,-1.4268613 -48.4822328,-1.4267944 -48.4821706,-1.4267287 -48.4820902,-1.4266401 -48.4820699,-1.4266181</coordinates></LineString>
  </Placemark>
  <Placemark id="praças_belem.176">
	<name>Pracinha da Av. Almirante Tamandaré</name>
	<Style><LineStyle><color>ff0000ff</color></LineStyle><PolyStyle><fill>0</fill></PolyStyle></Style>
	<ExtendedData><SchemaData schemaUrl="#praças_belem">
		<SimpleData name="element">way</SimpleData>
		<SimpleData name="id">766306100</SimpleData>
		<SimpleData name="leisure">park</SimpleData>
	</SchemaData></ExtendedData>
      <Polygon><outerBoundaryIs><LinearRing><coordinates>-48.4969224,-1.4573296 -48.4965895,-1.4571118 -48.4965241,-1.4572076 -48.4968526,-1.4574044 -48.4969224,-1.4573296</coordinates></LinearRing></outerBoundaryIs></Polygon>
  </Placemark>
  <Placemark id="praças_belem.177">
	<name>pracinha da Av. Tamandaré</name>
	<Style><LineStyle><color>ff0000ff</color></LineStyle><PolyStyle><fill>0</fill></PolyStyle></Style>
	<ExtendedData><SchemaData schemaUrl="#praças_belem">
		<SimpleData name="element">way</SimpleData>
		<SimpleData name="id">766306102</SimpleData>
		<SimpleData name="leisure">park</SimpleData>
	</SchemaData></ExtendedData>
      <Polygon><outerBoundaryIs><LinearRing><coordinates>-48.4973457,-1.4576043 -48.4972908,-1.4576781 -48.4970034,-1.4574898 -48.4971114,-1.4574648 -48.4973457,-1.4576043</coordinates></LinearRing></outerBoundaryIs></Polygon>
  </Placemark>
  <Placemark id="praças_belem.178">
	<Style><LineStyle><color>ff0000ff</color></LineStyle><PolyStyle><fill>0</fill></PolyStyle></Style>
	<ExtendedData><SchemaData schemaUrl="#praças_belem">
		<SimpleData name="element">way</SimpleData>
		<SimpleData name="id">772811898</SimpleData>
		<SimpleData name="leisure">park</SimpleData>
	</SchemaData></ExtendedData>
      <Polygon><outerBoundaryIs><LinearRing><coordinates>-48.4476174,-1.4564561 -48.4476338,-1.4565373 -48.4476048,-1.4565466 -48.4475913,-1.4566823 -48.4475008,-1.4566986 -48.4474761,-1.4566209 -48.4475408,-1.4566236 -48.4475404,-1.4565339 -48.4474521,-1.45653 -48.4474459,-1.4565535 -48.4473268,-1.4565469 -48.4473306,-1.4565012 -48.4473769,-1.4564918 -48.4473836,-1.4564354 -48.4474818,-1.4564258 -48.4475028,-1.4564515 -48.4475337,-1.456456 -48.4475539,-1.4564572 -48.4475673,-1.4564557 -48.4476174,-1.4564561</coordinates></LinearRing></outerBoundaryIs></Polygon>
  </Placemark>
  <Placemark id="praças_belem.179">
	<name>Praça do Promorar</name>
	<Style><LineStyle><color>ff0000ff</color></LineStyle><PolyStyle><fill>0</fill></PolyStyle></Style>
	<ExtendedData><SchemaData schemaUrl="#praças_belem">
		<SimpleData name="element">way</SimpleData>
		<SimpleData name="id">775158796</SimpleData>
		<SimpleData name="leisure">park</SimpleData>
	</SchemaData></ExtendedData>
      <Polygon><outerBoundaryIs><LinearRing><coordinates>-48.4912093,-1.4002594 -48.491221,-1.4009247 -48.4915246,-1.4009317 -48.4916296,-1.4008827 -48.4912397,-1.4002851 -48.4912093,-1.4002594</coordinates></LinearRing></outerBoundaryIs></Polygon>
  </Placemark>
  <Placemark id="praças_belem.180">
	<name>Praça do CDP</name>
	<Style><LineStyle><color>ff0000ff</color></LineStyle><PolyStyle><fill>0</fill></PolyStyle></Style>
	<ExtendedData><SchemaData schemaUrl="#praças_belem">
		<SimpleData name="element">way</SimpleData>
		<SimpleData name="id">775158797</SimpleData>
		<SimpleData name="leisure">park</SimpleData>
	</SchemaData></ExtendedData>
      <Polygon><outerBoundaryIs><LinearRing><coordinates>-48.4794876,-1.401384 -48.4789926,-1.40137 -48.4794939,-1.4022103 -48.4794852,-1.4014984 -48.4794876,-1.401384</coordinates></LinearRing></outerBoundaryIs></Polygon>
  </Placemark>
  <Placemark id="praças_belem.181">
	<name>Praça do CDP</name>
	<Style><LineStyle><color>ff0000ff</color></LineStyle><PolyStyle><fill>0</fill></PolyStyle></Style>
	<ExtendedData><SchemaData schemaUrl="#praças_belem">
		<SimpleData name="element">way</SimpleData>
		<SimpleData name="id">775158799</SimpleData>
		<SimpleData name="leisure">park</SimpleData>
	</SchemaData></ExtendedData>
      <Polygon><outerBoundaryIs><LinearRing><coordinates>-48.4785285,-1.4021383 -48.4790538,-1.4018208 -48.4787712,-1.4013497 -48.478698,-1.4012687 -48.4785894,-1.4012217 -48.4784971,-1.401987 -48.4785285,-1.4021383</coordinates></LinearRing></outerBoundaryIs></Polygon>
  </Placemark>
  <Placemark id="praças_belem.182">
	<name>Calçadão da Oeste</name>
	<Style><LineStyle><color>ff0000ff</color></LineStyle><PolyStyle><fill>0</fill></PolyStyle></Style>
	<ExtendedData><SchemaData schemaUrl="#praças_belem">
		<SimpleData name="element">way</SimpleData>
		<SimpleData name="id">775158800</SimpleData>
		<SimpleData name="leisure">park</SimpleData>
	</SchemaData></ExtendedData>
      <Polygon><outerBoundaryIs><LinearRing><coordinates>-48.4789988,-1.4012832 -48.479994,-1.4012986 -48.4799955,-1.4011969 -48.4789818,-1.4012108 -48.4789988,-1.4012832</coordinates></LinearRing></outerBoundaryIs></Polygon>
  </Placemark>
  <Placemark id="praças_belem.183">
	<name>Calçadão da Oeste</name>
	<Style><LineStyle><color>ff0000ff</color></LineStyle><PolyStyle><fill>0</fill></PolyStyle></Style>
	<ExtendedData><SchemaData schemaUrl="#praças_belem">
		<SimpleData name="element">way</SimpleData>
		<SimpleData name="id">775158801</SimpleData>
		<SimpleData name="leisure">park</SimpleData>
	</SchemaData></ExtendedData>
      <Polygon><outerBoundaryIs><LinearRing><coordinates>-48.4800463,-1.4012988 -48.4807055,-1.4013085 -48.4807057,-1.4011923 -48.4800479,-1.4011954 -48.4800463,-1.4012988</coordinates></LinearRing></outerBoundaryIs></Polygon>
  </Placemark>
  <Placemark id="praças_belem.184">
	<name>Calçadão da Oeste</name>
	<Style><LineStyle><color>ff0000ff</color></LineStyle><PolyStyle><fill>0</fill></PolyStyle></Style>
	<ExtendedData><SchemaData schemaUrl="#praças_belem">
		<SimpleData name="element">way</SimpleData>
		<SimpleData name="id">775158802</SimpleData>
		<SimpleData name="leisure">park</SimpleData>
	</SchemaData></ExtendedData>
      <Polygon><outerBoundaryIs><LinearRing><coordinates>-48.4807857,-1.401314 -48.4817147,-1.4013263 -48.4817116,-1.4011877 -48.480788,-1.4011939 -48.4807857,-1.401314</coordinates></LinearRing></outerBoundaryIs></Polygon>
  </Placemark>
  <Placemark id="praças_belem.185">
	<name>Praça do Marex</name>
	<Style><LineStyle><color>ff0000ff</color></LineStyle><PolyStyle><fill>0</fill></PolyStyle></Style>
	<ExtendedData><SchemaData schemaUrl="#praças_belem">
		<SimpleData name="element">way</SimpleData>
		<SimpleData name="id">775159993</SimpleData>
		<SimpleData name="leisure">park</SimpleData>
	</SchemaData></ExtendedData>
      <Polygon><outerBoundaryIs><LinearRing><coordinates>-48.4750632,-1.3975266 -48.4748329,-1.3975228 -48.4748254,-1.3970625 -48.4751839,-1.3974059 -48.4750632,-1.3975266</coordinates></LinearRing></outerBoundaryIs></Polygon>
  </Placemark>
  <Placemark id="praças_belem.186">
	<name>Bosque do Marex</name>
	<Style><LineStyle><color>ff0000ff</color></LineStyle><PolyStyle><fill>0</fill></PolyStyle></Style>
	<ExtendedData><SchemaData schemaUrl="#praças_belem">
		<SimpleData name="element">way</SimpleData>
		<SimpleData name="id">775982259</SimpleData>
		<SimpleData name="leisure">park</SimpleData>
	</SchemaData></ExtendedData>
      <Polygon><outerBoundaryIs><LinearRing><coordinates>-48.4704799,-1.3968918 -48.4714205,-1.3968818 -48.4714155,-1.3950279 -48.4709196,-1.3950259 -48.4709408,-1.3955267 -48.4706404,-1.3961917 -48.4704902,-1.3961596 -48.4704799,-1.3968918</coordinates></LinearRing></outerBoundaryIs></Polygon>
  </Placemark>
  <Placemark id="praças_belem.187">
	<Style><LineStyle><color>ff0000ff</color></LineStyle><PolyStyle><fill>0</fill></PolyStyle></Style>
	<ExtendedData><SchemaData schemaUrl="#praças_belem">
		<SimpleData name="element">way</SimpleData>
		<SimpleData name="id">775982260</SimpleData>
		<SimpleData name="leisure">park</SimpleData>
	</SchemaData></ExtendedData>
      <Polygon><outerBoundaryIs><LinearRing><coordinates>-48.4722349,-1.3994775 -48.4725682,-1.3991751 -48.4722444,-1.3991842 -48.4722349,-1.3994775</coordinates></LinearRing></outerBoundaryIs></Polygon>
  </Placemark>
  <Placemark id="praças_belem.188">
	<name>Praça do Triangulo</name>
	<Style><LineStyle><color>ff0000ff</color></LineStyle><PolyStyle><fill>0</fill></PolyStyle></Style>
	<ExtendedData><SchemaData schemaUrl="#praças_belem">
		<SimpleData name="element">way</SimpleData>
		<SimpleData name="id">785257661</SimpleData>
		<SimpleData name="leisure">park</SimpleData>
		<SimpleData name="source">survey</SimpleData>
	</SchemaData></ExtendedData>
      <Polygon><outerBoundaryIs><LinearRing><coordinates>-48.4584421,-1.4549496 -48.4584365,-1.4550215 -48.4584421,-1.4550731 -48.458441,-1.4551293 -48.4584275,-1.4551619 -48.4584129,-1.4551956 -48.4584073,-1.4552158 -48.4583882,-1.4552563 -48.458476,-1.4552978 -48.4585579,-1.4553383 -48.458559,-1.4553147 -48.4585556,-1.4552855 -48.4585489,-1.4552495 -48.4585466,-1.4552192 -48.4585399,-1.4551889 -48.4585309,-1.4551507 -48.4585298,-1.4551282 -48.4585197,-1.4551035 -48.4585197,-1.4550765 -48.458514,-1.4550495 -48.4585084,-1.455026 -48.4584994,-1.4550046 -48.4584882,-1.4549833 -48.4584758,-1.4549675 -48.4584623,-1.4549574 -48.4584421,-1.4549496</coordinates></LinearRing></outerBoundaryIs></Polygon>
  </Placemark>
  <Placemark id="praças_belem.189">
	<name>Praça do Gleba 3</name>
	<Style><LineStyle><color>ff0000ff</color></LineStyle><PolyStyle><fill>0</fill></PolyStyle></Style>
	<ExtendedData><SchemaData schemaUrl="#praças_belem">
		<SimpleData name="element">way</SimpleData>
		<SimpleData name="id">790623158</SimpleData>
		<SimpleData name="leisure">park</SimpleData>
		<SimpleData name="source">Survey</SimpleData>
	</SchemaData></ExtendedData>
      <Polygon><outerBoundaryIs><LinearRing><coordinates>-48.4329463,-1.3996016 -48.432572,-1.3996198 -48.4328292,-1.4005129 -48.4329659,-1.4005075 -48.4329463,-1.3996016</coordinates></LinearRing></outerBoundaryIs></Polygon>
  </Placemark>
  <Placemark id="praças_belem.190">
	<name>Parque Panorama XXI</name>
	<Style><LineStyle><color>ff0000ff</color></LineStyle><PolyStyle><fill>0</fill></PolyStyle></Style>
	<ExtendedData><SchemaData schemaUrl="#praças_belem">
		<SimpleData name="element">way</SimpleData>
		<SimpleData name="id">794599329</SimpleData>
		<SimpleData name="leisure">park</SimpleData>
		<SimpleData name="opening_hours">24/7</SimpleData>
		<SimpleData name="addr:city">Belém</SimpleData>
		<SimpleData name="addr:postcode">66640-085</SimpleData>
		<SimpleData name="addr:street">Rua Quadra 20</SimpleData>
		<SimpleData name="addr:suburb">Mangueirão</SimpleData>
	</SchemaData></ExtendedData>
      <Polygon><outerBoundaryIs><LinearRing><coordinates>-48.4395768,-1.3789913 -48.4388153,-1.3804339 -48.4389914,-1.3805588 -48.4397053,-1.3790952 -48.4396957,-1.3790703 -48.4395768,-1.3789913</coordinates></LinearRing></outerBoundaryIs></Polygon>
  </Placemark>
  <Placemark id="praças_belem.191">
	<name>Parque Panorama XXI</name>
	<Style><LineStyle><color>ff0000ff</color></LineStyle><PolyStyle><fill>0</fill></PolyStyle></Style>
	<ExtendedData><SchemaData schemaUrl="#praças_belem">
		<SimpleData name="element">way</SimpleData>
		<SimpleData name="id">794599330</SimpleData>
		<SimpleData name="leisure">park</SimpleData>
		<SimpleData name="opening_hours">24/7</SimpleData>
		<SimpleData name="addr:city">Belém</SimpleData>
		<SimpleData name="addr:postcode">66640-085</SimpleData>
		<SimpleData name="addr:street">Rua Quadra 19</SimpleData>
		<SimpleData name="addr:suburb">Mangueirão</SimpleData>
	</SchemaData></ExtendedData>
      <Polygon><outerBoundaryIs><LinearRing><coordinates>-48.4397774,-1.378904 -48.4395773,-1.3787445 -48.4403996,-1.3772712 -48.4405418,-1.3773487 -48.4401637,-1.3781376 -48.4397774,-1.378904</coordinates></LinearRing></outerBoundaryIs></Polygon>
  </Placemark>
  <Placemark id="praças_belem.192">
	<Style><LineStyle><color>ff0000ff</color></LineStyle><PolyStyle><fill>0</fill></PolyStyle></Style>
	<ExtendedData><SchemaData schemaUrl="#praças_belem">
		<SimpleData name="element">way</SimpleData>
		<SimpleData name="id">794599331</SimpleData>
		<SimpleData name="leisure">park</SimpleData>
		<SimpleData name="opening_hours">Mo-Su 08:00-22:00</SimpleData>
		<SimpleData name="addr:city">Belém</SimpleData>
		<SimpleData name="addr:postcode">66640-085</SimpleData>
		<SimpleData name="addr:street">Rua Quadra 11</SimpleData>
		<SimpleData name="landuse">grass</SimpleData>
	</SchemaData></ExtendedData>
      <Polygon><outerBoundaryIs><LinearRing><coordinates>-48.437649,-1.3780742 -48.4376573,-1.3779791 -48.4376488,-1.3779449 -48.4376004,-1.3779031 -48.437647,-1.377838 -48.4377573,-1.3779119 -48.437649,-1.3780742</coordinates></LinearRing></outerBoundaryIs></Polygon>
  </Placemark>
  <Placemark id="praças_belem.193">
	<Style><LineStyle><color>ff0000ff</color></LineStyle><PolyStyle><fill>0</fill></PolyStyle></Style>
	<ExtendedData><SchemaData schemaUrl="#praças_belem">
		<SimpleData name="element">way</SimpleData>
		<SimpleData name="id">794599332</SimpleData>
		<SimpleData name="leisure">park</SimpleData>
		<SimpleData name="opening_hours">Mo-Su 08:00-22:00</SimpleData>
		<SimpleData name="addr:city">Belém</SimpleData>
		<SimpleData name="addr:postcode">66640-085</SimpleData>
		<SimpleData name="addr:street">Rua Quadra 10</SimpleData>
		<SimpleData name="landuse">grass</SimpleData>
	</SchemaData></ExtendedData>
      <Polygon><outerBoundaryIs><LinearRing><coordinates>-48.4374724,-1.3779076 -48.4375637,-1.3778824 -48.4376004,-1.3779031 -48.437647,-1.377838 -48.4375933,-1.3778047 -48.4375489,-1.3778103 -48.4375081,-1.3778565 -48.4374724,-1.3779076</coordinates></LinearRing></outerBoundaryIs></Polygon>
  </Placemark>
  <Placemark id="praças_belem.194">
	<name>Playground Natália Lins</name>
	<Style><LineStyle><color>ff0000ff</color></LineStyle><PolyStyle><fill>0</fill></PolyStyle></Style>
	<ExtendedData><SchemaData schemaUrl="#praças_belem">
		<SimpleData name="element">way</SimpleData>
		<SimpleData name="id">795280447</SimpleData>
		<SimpleData name="leisure">park</SimpleData>
		<SimpleData name="addr:city">Belém</SimpleData>
		<SimpleData name="addr:suburb">Mangueirão</SimpleData>
	</SchemaData></ExtendedData>
      <Polygon><outerBoundaryIs><LinearRing><coordinates>-48.4434012,-1.3779814 -48.4432483,-1.3781913 -48.4435634,-1.3783893 -48.4437167,-1.3781946 -48.4435073,-1.3780537 -48.4434947,-1.3780452 -48.4434012,-1.3779814</coordinates></LinearRing></outerBoundaryIs></Polygon>
  </Placemark>
  <Placemark id="praças_belem.195">
	<name>Área Gaspar Viana</name>
	<Style><LineStyle><color>ff0000ff</color></LineStyle><PolyStyle><fill>0</fill></PolyStyle></Style>
	<ExtendedData><SchemaData schemaUrl="#praças_belem">
		<SimpleData name="element">way</SimpleData>
		<SimpleData name="id">796571608</SimpleData>
		<SimpleData name="leisure">park</SimpleData>
		<SimpleData name="landuse">grass</SimpleData>
	</SchemaData></ExtendedData>
      <Polygon><outerBoundaryIs><LinearRing><coordinates>-48.4555427,-1.4762868 -48.4555276,-1.4766525 -48.4554842,-1.4767745 -48.4554367,-1.476796 -48.4551373,-1.4766505 -48.4547694,-1.4764094 -48.4546779,-1.476212 -48.4546613,-1.4760562 -48.4554886,-1.4762702 -48.4555427,-1.4762868</coordinates></LinearRing></outerBoundaryIs></Polygon>
  </Placemark>
  <Placemark id="praças_belem.196">
	<Style><LineStyle><color>ff0000ff</color></LineStyle><PolyStyle><fill>0</fill></PolyStyle></Style>
	<ExtendedData><SchemaData schemaUrl="#praças_belem">
		<SimpleData name="element">way</SimpleData>
		<SimpleData name="id">801422285</SimpleData>
		<SimpleData name="leisure">park</SimpleData>
	</SchemaData></ExtendedData>
      <Polygon><outerBoundaryIs><LinearRing><coordinates>-48.4800736,-1.4367886 -48.4800678,-1.4369478 -48.4799182,-1.4369666 -48.4798383,-1.4369302 -48.4798224,-1.4369019 -48.4797498,-1.4368966 -48.4797442,-1.4367917 -48.4797516,-1.4367639 -48.4800736,-1.4367886</coordinates></LinearRing></outerBoundaryIs></Polygon>
  </Placemark>
  <Placemark id="praças_belem.197">
	<Style><LineStyle><color>ff0000ff</color></LineStyle><PolyStyle><fill>0</fill></PolyStyle></Style>
	<ExtendedData><SchemaData schemaUrl="#praças_belem">
		<SimpleData name="element">way</SimpleData>
		<SimpleData name="id">801448405</SimpleData>
		<SimpleData name="leisure">park</SimpleData>
	</SchemaData></ExtendedData>
      <Polygon><outerBoundaryIs><LinearRing><coordinates>-48.4780578,-1.4369345 -48.4782682,-1.4373056 -48.4782781,-1.4373179 -48.4782933,-1.4372625 -48.4783085,-1.4372415 -48.4783306,-1.4372205 -48.4783447,-1.4372088 -48.4783703,-1.4371983 -48.478389,-1.4371878 -48.478396,-1.4371773 -48.478227,-1.4370818 -48.4781482,-1.4370127 -48.4780578,-1.4369345</coordinates></LinearRing></outerBoundaryIs></Polygon>
  </Placemark>
  <Placemark id="praças_belem.198">
	<name>Porto Futuro</name>
	<Style><LineStyle><color>ff0000ff</color></LineStyle><PolyStyle><fill>0</fill></PolyStyle></Style>
	<ExtendedData><SchemaData schemaUrl="#praças_belem">
		<SimpleData name="element">way</SimpleData>
		<SimpleData name="id">801448444</SimpleData>
		<SimpleData name="leisure">park</SimpleData>
		<SimpleData name="landuse">grass</SimpleData>
	</SchemaData></ExtendedData>
      <Polygon><outerBoundaryIs><LinearRing><coordinates>-48.494362,-1.4408356 -48.4937655,-1.4412435 -48.4939526,-1.4416992 -48.4942074,-1.4423197 -48.4946437,-1.4431488 -48.4946909,-1.4432282 -48.4947799,-1.4434154 -48.4953473,-1.4431416 -48.4952852,-1.4430234 -48.494362,-1.4408356</coordinates></LinearRing></outerBoundaryIs></Polygon>
  </Placemark>
  <Placemark id="praças_belem.199">
	<Style><LineStyle><color>ff0000ff</color></LineStyle><PolyStyle><fill>0</fill></PolyStyle></Style>
	<ExtendedData><SchemaData schemaUrl="#praças_belem">
		<SimpleData name="element">way</SimpleData>
		<SimpleData name="id">821138583</SimpleData>
		<SimpleData name="leisure">park</SimpleData>
	</SchemaData></ExtendedData>
      <Polygon><outerBoundaryIs><LinearRing><coordinates>-48.4448938,-1.349304 -48.4448954,-1.3492839 -48.4448913,-1.3492641 -48.4448817,-1.3492464 -48.4448684,-1.3492327 -48.4448519,-1.3492231 -48.4448335,-1.3492182 -48.4443346,-1.3491887 -48.4443184,-1.3491906 -48.4443042,-1.3491986 -48.4442943,-1.3492115 -48.4442904,-1.3492257 -48.4442917,-1.3492404 -48.4442983,-1.3492537 -48.4443091,-1.3492638 -48.4445626,-1.3493777 -48.4447745,-1.349493 -48.4447943,-1.3495006 -48.4448155,-1.349502 -48.4448361,-1.3494971 -48.4448544,-1.3494863 -48.4448687,-1.3494706 -48.4448777,-1.3494515 -48.4448804,-1.3493764 -48.4448884,-1.3493174 -48.4448938,-1.349304</coordinates></LinearRing></outerBoundaryIs></Polygon>
  </Placemark>
  <Placemark id="praças_belem.200">
	<Style><LineStyle><color>ff0000ff</color></LineStyle><PolyStyle><fill>0</fill></PolyStyle></Style>
	<ExtendedData><SchemaData schemaUrl="#praças_belem">
		<SimpleData name="element">way</SimpleData>
		<SimpleData name="id">821138596</SimpleData>
		<SimpleData name="leisure">park</SimpleData>
	</SchemaData></ExtendedData>
      <Polygon><outerBoundaryIs><LinearRing><coordinates>-48.4437203,-1.3515256 -48.4437238,-1.3515078 -48.4437234,-1.3514896 -48.443719,-1.351472 -48.4437117,-1.351457 -48.4437016,-1.3514438 -48.4435125,-1.3513419 -48.4432831,-1.3512776 -48.4432611,-1.3512788 -48.4432407,-1.3512871 -48.4432241,-1.3513017 -48.4432138,-1.3513193 -48.4432094,-1.3513392 -48.4434427,-1.3517656 -48.443453,-1.3517808 -48.443467,-1.3517926 -48.4434836,-1.3518002 -48.4435017,-1.3518031 -48.4435248,-1.3517996 -48.4435453,-1.3517884 -48.4435608,-1.351771 -48.4437203,-1.3515256</coordinates></LinearRing></outerBoundaryIs></Polygon>
  </Placemark>
  <Placemark id="praças_belem.201">
	<description>Bosque do Centro de Excelência em Eficiência Energética da Amazônia </description>
	<Style><LineStyle><color>ff0000ff</color></LineStyle><PolyStyle><fill>0</fill></PolyStyle></Style>
	<ExtendedData><SchemaData schemaUrl="#praças_belem">
		<SimpleData name="element">way</SimpleData>
		<SimpleData name="id">823263689</SimpleData>
		<SimpleData name="leisure">park</SimpleData>
	</SchemaData></ExtendedData>
      <Polygon><outerBoundaryIs><LinearRing><coordinates>-48.4466509,-1.4656964 -48.4470211,-1.4663534 -48.4464873,-1.4665008 -48.4464524,-1.4663239 -48.4460286,-1.4663775 -48.446042,-1.4658037 -48.4466509,-1.4656964</coordinates></LinearRing></outerBoundaryIs></Polygon>
  </Placemark>
  <Placemark id="praças_belem.202">
	<name>Área de lazer da guarita</name>
	<Style><LineStyle><color>ff0000ff</color></LineStyle><PolyStyle><fill>0</fill></PolyStyle></Style>
	<ExtendedData><SchemaData schemaUrl="#praças_belem">
		<SimpleData name="element">way</SimpleData>
		<SimpleData name="id">916518579</SimpleData>
		<SimpleData name="leisure">park</SimpleData>
		<SimpleData name="landuse">recreation_ground</SimpleData>
	</SchemaData></ExtendedData>
      <Polygon><outerBoundaryIs><LinearRing><coordinates>-48.4407622,-1.4085877 -48.4406928,-1.408664 -48.4404698,-1.4084799 -48.4405472,-1.4084013 -48.4407622,-1.4085877</coordinates></LinearRing></outerBoundaryIs></Polygon>
  </Placemark>
  <Placemark id="praças_belem.203">
	<name>Praça do Basa</name>
	<Style><LineStyle><color>ff0000ff</color></LineStyle><PolyStyle><fill>0</fill></PolyStyle></Style>
	<ExtendedData><SchemaData schemaUrl="#praças_belem">
		<SimpleData name="element">way</SimpleData>
		<SimpleData name="id">921323175</SimpleData>
		<SimpleData name="leisure">park</SimpleData>
		<SimpleData name="landuse">recreation_ground</SimpleData>
	</SchemaData></ExtendedData>
      <Polygon><outerBoundaryIs><LinearRing><coordinates>-48.4415457,-1.4127458 -48.4412515,-1.412963 -48.4411452,-1.412829 -48.4414302,-1.4126026 -48.4415457,-1.4127458</coordinates></LinearRing></outerBoundaryIs></Polygon>
  </Placemark>
  <Placemark id="praças_belem.204">
	<name>Parquinho do Basa</name>
	<Style><LineStyle><color>ff0000ff</color></LineStyle><PolyStyle><fill>0</fill></PolyStyle></Style>
	<ExtendedData><SchemaData schemaUrl="#praças_belem">
		<SimpleData name="element">way</SimpleData>
		<SimpleData name="id">921323176</SimpleData>
		<SimpleData name="leisure">park</SimpleData>
		<SimpleData name="landuse">recreation_ground</SimpleData>
	</SchemaData></ExtendedData>
      <Polygon><outerBoundaryIs><LinearRing><coordinates>-48.441193,-1.4129814 -48.4409095,-1.4131878 -48.4408202,-1.4130939 -48.441099,-1.4128644 -48.441193,-1.4129814</coordinates></LinearRing></outerBoundaryIs></Polygon>
  </Placemark>
  <Placemark id="praças_belem.205">
	<name>praça da esperança</name>
	<Style><LineStyle><color>ff0000ff</color></LineStyle><PolyStyle><fill>0</fill></PolyStyle></Style>
	<ExtendedData><SchemaData schemaUrl="#praças_belem">
		<SimpleData name="element">way</SimpleData>
		<SimpleData name="id">930882744</SimpleData>
		<SimpleData name="leisure">park</SimpleData>
	</SchemaData></ExtendedData>
      <Polygon><outerBoundaryIs><LinearRing><coordinates>-48.4574073,-1.4518121 -48.4573416,-1.4522499 -48.4572665,-1.4522386 -48.4572382,-1.4524269 -48.4570819,-1.4524034 -48.4570702,-1.4524813 -48.4569143,-1.4524578 -48.4568824,-1.4526682 -48.4562819,-1.4525773 -48.4569815,-1.4517483 -48.4574073,-1.4518121</coordinates></LinearRing></outerBoundaryIs></Polygon>
  </Placemark>
  <Placemark id="praças_belem.206">
	<name>Praça Residencial Mestre Raimundo II</name>
	<Style><LineStyle><color>ff0000ff</color></LineStyle><PolyStyle><fill>0</fill></PolyStyle></Style>
	<ExtendedData><SchemaData schemaUrl="#praças_belem">
		<SimpleData name="element">way</SimpleData>
		<SimpleData name="id">937910871</SimpleData>
		<SimpleData name="leisure">park</SimpleData>
		<SimpleData name="opening_hours">24/7</SimpleData>
	</SchemaData></ExtendedData>
      <Polygon><outerBoundaryIs><LinearRing><coordinates>-48.4775719,-1.2916612 -48.4774109,-1.2916336 -48.4775067,-1.2917863 -48.4776018,-1.2919279 -48.4776779,-1.2919435 -48.4776829,-1.2919047 -48.4776891,-1.2918213 -48.4776897,-1.2917953 -48.4775599,-1.2917826 -48.4775719,-1.2916612</coordinates></LinearRing></outerBoundaryIs></Polygon>
  </Placemark>
  <Placemark id="praças_belem.207">
	<name>Praça São Sebastião</name>
	<Style><LineStyle><color>ff0000ff</color></LineStyle><PolyStyle><fill>0</fill></PolyStyle></Style>
	<ExtendedData><SchemaData schemaUrl="#praças_belem">
		<SimpleData name="element">way</SimpleData>
		<SimpleData name="id">937910872</SimpleData>
		<SimpleData name="leisure">park</SimpleData>
		<SimpleData name="opening_hours">24/7</SimpleData>
	</SchemaData></ExtendedData>
      <Polygon><outerBoundaryIs><LinearRing><coordinates>-48.4897618,-1.2964025 -48.4894876,-1.2963933 -48.4894846,-1.2964456 -48.4894837,-1.2964598 -48.4894753,-1.2966058 -48.4897526,-1.2966212 -48.4897618,-1.2964025</coordinates></LinearRing></outerBoundaryIs></Polygon>
  </Placemark>
  <Placemark id="praças_belem.208">
	<name>Pracinha Pimenta Bueno</name>
	<Style><LineStyle><color>ff0000ff</color></LineStyle><PolyStyle><fill>0</fill></PolyStyle></Style>
	<ExtendedData><SchemaData schemaUrl="#praças_belem">
		<SimpleData name="element">way</SimpleData>
		<SimpleData name="id">937914539</SimpleData>
		<SimpleData name="leisure">park</SimpleData>
		<SimpleData name="opening_hours">sunrise-sunset</SimpleData>
	</SchemaData></ExtendedData>
      <Polygon><outerBoundaryIs><LinearRing><coordinates>-48.4784917,-1.29584 -48.4781202,-1.2958395 -48.4781181,-1.2959356 -48.4784882,-1.2959533 -48.4784917,-1.29584</coordinates></LinearRing></outerBoundaryIs></Polygon>
  </Placemark>
  <Placemark id="praças_belem.209">
	<Style><LineStyle><color>ff0000ff</color></LineStyle><PolyStyle><fill>0</fill></PolyStyle></Style>
	<ExtendedData><SchemaData schemaUrl="#praças_belem">
		<SimpleData name="element">way</SimpleData>
		<SimpleData name="id">937920163</SimpleData>
		<SimpleData name="leisure">park</SimpleData>
		<SimpleData name="opening_hours">24/7</SimpleData>
	</SchemaData></ExtendedData>
      <Polygon><outerBoundaryIs><LinearRing><coordinates>-48.4854196,-1.3015364 -48.484939,-1.3015149 -48.4848833,-1.3018961 -48.485394,-1.3019182 -48.4854196,-1.3015364</coordinates></LinearRing></outerBoundaryIs></Polygon>
  </Placemark>
  <Placemark id="praças_belem.210">
	<Style><LineStyle><color>ff0000ff</color></LineStyle><PolyStyle><fill>0</fill></PolyStyle></Style>
	<ExtendedData><SchemaData schemaUrl="#praças_belem">
		<SimpleData name="element">way</SimpleData>
		<SimpleData name="id">952726833</SimpleData>
		<SimpleData name="leisure">park</SimpleData>
		<SimpleData name="opening_hours">24/7</SimpleData>
		<SimpleData name="addr:city">Belém</SimpleData>
		<SimpleData name="addr:postcode">66087-812</SimpleData>
		<SimpleData name="addr:street">Avenida Doutor Freitas</SimpleData>
		<SimpleData name="addr:suburb">Marco</SimpleData>
		<SimpleData name="operator">Polícia Militar</SimpleData>
		<SimpleData name="nohousenumber">yes</SimpleData>
		<SimpleData name="opening_hours:covid19">closed</SimpleData>
	</SchemaData></ExtendedData>
      <Polygon><outerBoundaryIs><LinearRing><coordinates>-48.4537733,-1.4271087 -48.4531268,-1.4265065 -48.4538383,-1.4260412 -48.4546063,-1.4254831 -48.4549053,-1.4257648 -48.4543018,-1.4265167 -48.4537733,-1.4271087</coordinates></LinearRing></outerBoundaryIs></Polygon>
  </Placemark>
  <Placemark id="praças_belem.211">
	<Style><LineStyle><color>ff0000ff</color></LineStyle><PolyStyle><fill>0</fill></PolyStyle></Style>
	<ExtendedData><SchemaData schemaUrl="#praças_belem">
		<SimpleData name="element">way</SimpleData>
		<SimpleData name="id">974338694</SimpleData>
		<SimpleData name="leisure">park</SimpleData>
	</SchemaData></ExtendedData>
      <Polygon><outerBoundaryIs><LinearRing><coordinates>-48.4622126,-1.4019767 -48.4621993,-1.4019651 -48.4618873,-1.4019705 -48.4618775,-1.4019811 -48.4618815,-1.4021401 -48.4618886,-1.4021437 -48.4622077,-1.4021331 -48.4622126,-1.4021286 -48.4622126,-1.4019767</coordinates></LinearRing></outerBoundaryIs></Polygon>
  </Placemark>
  <Placemark id="praças_belem.212">
	<Style><LineStyle><color>ff0000ff</color></LineStyle><PolyStyle><fill>0</fill></PolyStyle></Style>
	<ExtendedData><SchemaData schemaUrl="#praças_belem">
		<SimpleData name="element">way</SimpleData>
		<SimpleData name="id">1054958628</SimpleData>
		<SimpleData name="leisure">park</SimpleData>
	</SchemaData></ExtendedData>
      <Polygon><outerBoundaryIs><LinearRing><coordinates>-48.4631616,-1.4571276 -48.4631516,-1.4572435 -48.4630196,-1.4572321 -48.4630296,-1.4571162 -48.4631616,-1.4571276</coordinates></LinearRing></outerBoundaryIs></Polygon>
  </Placemark>
  <Placemark id="praças_belem.213">
	<Style><LineStyle><color>ff0000ff</color></LineStyle><PolyStyle><fill>0</fill></PolyStyle></Style>
	<ExtendedData><SchemaData schemaUrl="#praças_belem">
		<SimpleData name="element">way</SimpleData>
		<SimpleData name="id">1097618296</SimpleData>
		<SimpleData name="leisure">park</SimpleData>
	</SchemaData></ExtendedData>
      <Polygon><outerBoundaryIs><LinearRing><coordinates>-48.4923327,-1.4303792 -48.492269,-1.4303625 -48.4922447,-1.4302973 -48.4921431,-1.4303292 -48.4921582,-1.430405 -48.4920505,-1.4304293 -48.4920748,-1.4305142 -48.4921461,-1.4305006 -48.4921673,-1.4304778 -48.4921886,-1.4305961 -48.4921734,-1.4307099 -48.492222,-1.4309192 -48.492269,-1.4310997 -48.4922963,-1.4311695 -48.4923479,-1.4312029 -48.4923585,-1.4312408 -48.4923798,-1.4312908 -48.4923647,-1.4312996 -48.4923676,-1.4313452 -48.4924936,-1.431306 -48.4925649,-1.4312817 -48.4925497,-1.431168 -48.4924996,-1.4311482 -48.4923327,-1.4303792</coordinates></LinearRing></outerBoundaryIs></Polygon>
  </Placemark>
  <Placemark id="praças_belem.214">
	<Style><LineStyle><color>ff0000ff</color></LineStyle><PolyStyle><fill>0</fill></PolyStyle></Style>
	<ExtendedData><SchemaData schemaUrl="#praças_belem">
		<SimpleData name="element">way</SimpleData>
		<SimpleData name="id">1098082085</SimpleData>
		<SimpleData name="leisure">park</SimpleData>
	</SchemaData></ExtendedData>
      <Polygon><outerBoundaryIs><LinearRing><coordinates>-48.4639975,-1.4074586 -48.4631995,-1.4067829 -48.4631645,-1.4067532 -48.4627989,-1.4075223 -48.4627933,-1.4078075 -48.4631023,-1.4078135 -48.4634665,-1.4077604 -48.4639975,-1.4074586</coordinates></LinearRing></outerBoundaryIs></Polygon>
  </Placemark>
  <Placemark id="praças_belem.215">
	<Style><LineStyle><color>ff0000ff</color></LineStyle><PolyStyle><fill>0</fill></PolyStyle></Style>
	<ExtendedData><SchemaData schemaUrl="#praças_belem">
		<SimpleData name="element">way</SimpleData>
		<SimpleData name="id">1098115985</SimpleData>
		<SimpleData name="leisure">park</SimpleData>
	</SchemaData></ExtendedData>
      <Polygon><outerBoundaryIs><LinearRing><coordinates>-48.4717891,-1.3305945 -48.4716389,-1.3306053 -48.4715917,-1.3308756 -48.4714372,-1.3308606 -48.4714136,-1.3311115 -48.4714093,-1.3311909 -48.4713213,-1.3311995 -48.4712999,-1.3314355 -48.4712591,-1.3314633 -48.4712967,-1.3316124 -48.4713664,-1.3316521 -48.4714007,-1.3319696 -48.4717183,-1.3319074 -48.4718127,-1.3315213 -48.4716411,-1.3314719 -48.4717891,-1.3305945</coordinates></LinearRing></outerBoundaryIs></Polygon>
  </Placemark>
  <Placemark id="praças_belem.216">
	<Style><LineStyle><color>ff0000ff</color></LineStyle><PolyStyle><fill>0</fill></PolyStyle></Style>
	<ExtendedData><SchemaData schemaUrl="#praças_belem">
		<SimpleData name="element">way</SimpleData>
		<SimpleData name="id">1098146145</SimpleData>
		<SimpleData name="leisure">park</SimpleData>
	</SchemaData></ExtendedData>
      <Polygon><outerBoundaryIs><LinearRing><coordinates>-48.4510729,-1.2986827 -48.4509942,-1.2986747 -48.4509752,-1.2988506 -48.4510546,-1.2988632 -48.4510729,-1.2986827</coordinates></LinearRing></outerBoundaryIs></Polygon>
  </Placemark>
  <Placemark id="praças_belem.217">
	<Style><LineStyle><color>ff0000ff</color></LineStyle><PolyStyle><fill>0</fill></PolyStyle></Style>
	<ExtendedData><SchemaData schemaUrl="#praças_belem">
		<SimpleData name="element">way</SimpleData>
		<SimpleData name="id">1106172628</SimpleData>
		<SimpleData name="leisure">park</SimpleData>
	</SchemaData></ExtendedData>
      <Polygon><outerBoundaryIs><LinearRing><coordinates>-48.4481047,-1.4489984 -48.4480736,-1.449309 -48.4479359,-1.4490744 -48.4481047,-1.4489984</coordinates></LinearRing></outerBoundaryIs></Polygon>
  </Placemark>
  <Placemark id="praças_belem.218">
	<Style><LineStyle><color>ff0000ff</color></LineStyle><PolyStyle><fill>0</fill></PolyStyle></Style>
	<ExtendedData><SchemaData schemaUrl="#praças_belem">
		<SimpleData name="element">way</SimpleData>
		<SimpleData name="id">1106172636</SimpleData>
		<SimpleData name="leisure">park</SimpleData>
	</SchemaData></ExtendedData>
      <Polygon><outerBoundaryIs><LinearRing><coordinates>-48.4486062,-1.4480111 -48.4483754,-1.448268 -48.4481762,-1.4479804 -48.4486062,-1.4480111</coordinates></LinearRing></outerBoundaryIs></Polygon>
  </Placemark>
  <Placemark id="praças_belem.219">
	<Style><LineStyle><color>ff0000ff</color></LineStyle><PolyStyle><fill>0</fill></PolyStyle></Style>
	<ExtendedData><SchemaData schemaUrl="#praças_belem">
		<SimpleData name="element">way</SimpleData>
		<SimpleData name="id">1170053863</SimpleData>
		<SimpleData name="leisure">park</SimpleData>
	</SchemaData></ExtendedData>
      <Polygon><outerBoundaryIs><LinearRing><coordinates>-48.4624599,-1.4363601 -48.4623092,-1.436463 -48.4627288,-1.4370676 -48.463015,-1.437502 -48.4631559,-1.4373875 -48.4624599,-1.4363601</coordinates></LinearRing></outerBoundaryIs></Polygon>
  </Placemark>
  <Placemark id="praças_belem.220">
	<Style><LineStyle><color>ff0000ff</color></LineStyle><PolyStyle><fill>0</fill></PolyStyle></Style>
	<ExtendedData><SchemaData schemaUrl="#praças_belem">
		<SimpleData name="element">way</SimpleData>
		<SimpleData name="id">1170053864</SimpleData>
		<SimpleData name="leisure">park</SimpleData>
	</SchemaData></ExtendedData>
      <Polygon><outerBoundaryIs><LinearRing><coordinates>-48.4624035,-1.4362785 -48.4622462,-1.4363712 -48.461855,-1.4358092 -48.4619544,-1.4357653 -48.4620403,-1.4356874 -48.4624035,-1.4362785</coordinates></LinearRing></outerBoundaryIs></Polygon>
  </Placemark>
  <Placemark id="praças_belem.221">
	<Style><LineStyle><color>ff0000ff</color></LineStyle><PolyStyle><fill>0</fill></PolyStyle></Style>
	<ExtendedData><SchemaData schemaUrl="#praças_belem">
		<SimpleData name="element">way</SimpleData>
		<SimpleData name="id">1230165485</SimpleData>
		<SimpleData name="leisure">park</SimpleData>
	</SchemaData></ExtendedData>
      <Polygon><outerBoundaryIs><LinearRing><coordinates>-48.4762479,-1.438449 -48.476162,-1.4394518 -48.4759976,-1.439252 -48.4762479,-1.438449</coordinates></LinearRing></outerBoundaryIs></Polygon>
  </Placemark>
  <Placemark id="praças_belem.222">
	<Style><LineStyle><color>ff0000ff</color></LineStyle><PolyStyle><fill>0</fill></PolyStyle></Style>
	<ExtendedData><SchemaData schemaUrl="#praças_belem">
		<SimpleData name="element">way</SimpleData>
		<SimpleData name="id">1230180856</SimpleData>
		<SimpleData name="leisure">park</SimpleData>
	</SchemaData></ExtendedData>
      <Polygon><outerBoundaryIs><LinearRing><coordinates>-48.4592219,-1.4314225 -48.4590712,-1.4315298 -48.4597884,-1.4326823 -48.4599702,-1.4325688 -48.4592219,-1.4314225</coordinates></LinearRing></outerBoundaryIs></Polygon>
  </Placemark>
  <Placemark id="praças_belem.223">
	<Style><LineStyle><color>ff0000ff</color></LineStyle><PolyStyle><fill>0</fill></PolyStyle></Style>
	<ExtendedData><SchemaData schemaUrl="#praças_belem">
		<SimpleData name="element">way</SimpleData>
		<SimpleData name="id">1230564394</SimpleData>
		<SimpleData name="leisure">park</SimpleData>
	</SchemaData></ExtendedData>
      <Polygon><outerBoundaryIs><LinearRing><coordinates>-48.4606257,-1.4278669 -48.4610396,-1.4284858 -48.4613073,-1.4288808 -48.4616154,-1.4293702 -48.4617234,-1.4295372 -48.4616451,-1.4295811 -48.4615388,-1.4294347 -48.4608997,-1.4285102 -48.4605188,-1.4279163 -48.46053,-1.4278792 -48.4605695,-1.4278462 -48.4606042,-1.42785 -48.4606257,-1.4278669</coordinates></LinearRing></outerBoundaryIs></Polygon>
  </Placemark>
  <Placemark id="praças_belem.224">
	<Style><LineStyle><color>ff0000ff</color></LineStyle><PolyStyle><fill>0</fill></PolyStyle></Style>
	<ExtendedData><SchemaData schemaUrl="#praças_belem">
		<SimpleData name="element">way</SimpleData>
		<SimpleData name="id">1230564395</SimpleData>
		<SimpleData name="leisure">park</SimpleData>
	</SchemaData></ExtendedData>
      <Polygon><outerBoundaryIs><LinearRing><coordinates>-48.4605969,-1.4277993 -48.4600122,-1.4269289 -48.4599623,-1.4268495 -48.4598281,-1.4266529 -48.4597588,-1.4267336 -48.4596951,-1.426735 -48.4601693,-1.427437 -48.4604709,-1.4278856 -48.4605063,-1.4278417 -48.4605466,-1.4278085 -48.4605969,-1.4277993</coordinates></LinearRing></outerBoundaryIs></Polygon>
  </Placemark>
  <Placemark id="praças_belem.225">
	<Style><LineStyle><color>ff0000ff</color></LineStyle><PolyStyle><fill>0</fill></PolyStyle></Style>
	<ExtendedData><SchemaData schemaUrl="#praças_belem">
		<SimpleData name="element">way</SimpleData>
		<SimpleData name="id">1230564396</SimpleData>
		<SimpleData name="leisure">park</SimpleData>
	</SchemaData></ExtendedData>
      <Polygon><outerBoundaryIs><LinearRing><coordinates>-48.45978,-1.4265907 -48.4592038,-1.4256693 -48.4585555,-1.4247056 -48.4580798,-1.4239937 -48.457665,-1.423354 -48.4575928,-1.4233243 -48.4575376,-1.4233384 -48.4575178,-1.4233752 -48.4575871,-1.4234998 -48.4582298,-1.4244876 -48.458806,-1.425324 -48.4593058,-1.4260897 -48.4596965,-1.4266812 -48.4597333,-1.4266827 -48.4597758,-1.4266487 -48.45978,-1.4265907</coordinates></LinearRing></outerBoundaryIs></Polygon>
  </Placemark>
  <Placemark id="praças_belem.226">
	<Style><LineStyle><color>ff0000ff</color></LineStyle><PolyStyle><fill>0</fill></PolyStyle></Style>
	<ExtendedData><SchemaData schemaUrl="#praças_belem">
		<SimpleData name="element">way</SimpleData>
		<SimpleData name="id">1230564397</SimpleData>
		<SimpleData name="leisure">park</SimpleData>
	</SchemaData></ExtendedData>
      <Polygon><outerBoundaryIs><LinearRing><coordinates>-48.4574816,-1.4230724 -48.4573564,-1.4232309 -48.4574824,-1.4233821 -48.4575027,-1.4233297 -48.4575182,-1.423309 -48.4575507,-1.4232895 -48.4575995,-1.4232854 -48.4576434,-1.4232968 -48.4574816,-1.4230724</coordinates></LinearRing></outerBoundaryIs></Polygon>
  </Placemark>
  <Placemark id="praças_belem.227">
	<Style><LineStyle><color>ff0000ff</color></LineStyle><PolyStyle><fill>0</fill></PolyStyle></Style>
	<ExtendedData><SchemaData schemaUrl="#praças_belem">
		<SimpleData name="element">way</SimpleData>
		<SimpleData name="id">1230564401</SimpleData>
		<SimpleData name="leisure">park</SimpleData>
	</SchemaData></ExtendedData>
      <Polygon><outerBoundaryIs><LinearRing><coordinates>-48.4609218,-1.433941 -48.4612328,-1.4344152 -48.4615857,-1.4349752 -48.4614205,-1.435079 -48.46106,-1.4345722 -48.4607163,-1.434053 -48.4607929,-1.4340101 -48.4608378,-1.4339933 -48.4608975,-1.4339316 -48.4609218,-1.433941</coordinates></LinearRing></outerBoundaryIs></Polygon>
  </Placemark>
  <Placemark id="praças_belem.228">
	<Style><LineStyle><color>ff0000ff</color></LineStyle><PolyStyle><fill>0</fill></PolyStyle></Style>
	<ExtendedData><SchemaData schemaUrl="#praças_belem">
		<SimpleData name="element">way</SimpleData>
		<SimpleData name="id">1230564403</SimpleData>
		<SimpleData name="leisure">park</SimpleData>
	</SchemaData></ExtendedData>
      <Polygon><outerBoundaryIs><LinearRing><coordinates>-48.4616582,-1.4350954 -48.4614889,-1.4352144 -48.4618184,-1.4357524 -48.4618689,-1.4357524 -48.4619399,-1.435715 -48.461994,-1.4356291 -48.4616582,-1.4350954</coordinates></LinearRing></outerBoundaryIs></Polygon>
  </Placemark>
  <Placemark id="praças_belem.229">
	<Style><LineStyle><color>ff0000ff</color></LineStyle><PolyStyle><fill>0</fill></PolyStyle></Style>
	<ExtendedData><SchemaData schemaUrl="#praças_belem">
		<SimpleData name="element">way</SimpleData>
		<SimpleData name="id">1230564404</SimpleData>
		<SimpleData name="leisure">park</SimpleData>
	</SchemaData></ExtendedData>
      <Polygon><outerBoundaryIs><LinearRing><coordinates>-48.4607313,-1.4337001 -48.4600102,-1.4326188 -48.4597935,-1.4327496 -48.4605594,-1.4338047 -48.4605986,-1.4337449 -48.4606547,-1.4337113 -48.4607033,-1.4337019 -48.4607313,-1.4337001</coordinates></LinearRing></outerBoundaryIs></Polygon>
  </Placemark>
  <Placemark id="praças_belem.230">
	<Style><LineStyle><color>ff0000ff</color></LineStyle><PolyStyle><fill>0</fill></PolyStyle></Style>
	<ExtendedData><SchemaData schemaUrl="#praças_belem">
		<SimpleData name="element">way</SimpleData>
		<SimpleData name="id">1230564407</SimpleData>
		<SimpleData name="leisure">park</SimpleData>
	</SchemaData></ExtendedData>
      <Polygon><outerBoundaryIs><LinearRing><coordinates>-48.4589812,-1.4313787 -48.4577328,-1.4293693 -48.4572448,-1.4286695 -48.4568208,-1.4280263 -48.4565657,-1.427658 -48.4566668,-1.4275914 -48.4575492,-1.4288666 -48.4579472,-1.4294764 -48.4583613,-1.4300912 -48.4591205,-1.431253 -48.459118,-1.4312764 -48.4589812,-1.4313787</coordinates></LinearRing></outerBoundaryIs></Polygon>
  </Placemark>
  <Placemark id="praças_belem.231">
	<Style><LineStyle><color>ff0000ff</color></LineStyle><PolyStyle><fill>0</fill></PolyStyle></Style>
	<ExtendedData><SchemaData schemaUrl="#praças_belem">
		<SimpleData name="element">way</SimpleData>
		<SimpleData name="id">1230564408</SimpleData>
		<SimpleData name="leisure">park</SimpleData>
	</SchemaData></ExtendedData>
      <Polygon><outerBoundaryIs><LinearRing><coordinates>-48.4557965,-1.426262 -48.4557708,-1.4262115 -48.4553542,-1.4255976 -48.455284,-1.4256731 -48.4557151,-1.4263123 -48.4557634,-1.4262933 -48.4557965,-1.426262</coordinates></LinearRing></outerBoundaryIs></Polygon>
  </Placemark>
  <Placemark id="praças_belem.232">
	<Style><LineStyle><color>ff0000ff</color></LineStyle><PolyStyle><fill>0</fill></PolyStyle></Style>
	<ExtendedData><SchemaData schemaUrl="#praças_belem">
		<SimpleData name="element">way</SimpleData>
		<SimpleData name="id">1230730822</SimpleData>
		<SimpleData name="leisure">park</SimpleData>
	</SchemaData></ExtendedData>
      <Polygon><outerBoundaryIs><LinearRing><coordinates>-48.4633324,-1.4376902 -48.4632042,-1.4378002 -48.4634944,-1.4382502 -48.4635592,-1.4379928 -48.4633324,-1.4376902</coordinates></LinearRing></outerBoundaryIs></Polygon>
  </Placemark>
  <Placemark id="praças_belem.233">
	<Style><LineStyle><color>ff0000ff</color></LineStyle><PolyStyle><fill>0</fill></PolyStyle></Style>
	<ExtendedData><SchemaData schemaUrl="#praças_belem">
		<SimpleData name="element">way</SimpleData>
		<SimpleData name="id">1230730825</SimpleData>
		<SimpleData name="leisure">park</SimpleData>
	</SchemaData></ExtendedData>
      <Polygon><outerBoundaryIs><LinearRing><coordinates>-48.4639976,-1.4386447 -48.4636114,-1.4380763 -48.4635336,-1.4383259 -48.4638367,-1.438752 -48.4639976,-1.4386447</coordinates></LinearRing></outerBoundaryIs></Polygon>
  </Placemark>
  <Placemark id="praças_belem.234">
	<Style><LineStyle><color>ff0000ff</color></LineStyle><PolyStyle><fill>0</fill></PolyStyle></Style>
	<ExtendedData><SchemaData schemaUrl="#praças_belem">
		<SimpleData name="element">way</SimpleData>
		<SimpleData name="id">1230730902</SimpleData>
		<SimpleData name="leisure">park</SimpleData>
	</SchemaData></ExtendedData>
      <Polygon><outerBoundaryIs><LinearRing><coordinates>-48.4644454,-1.4393173 -48.464149,-1.4388798 -48.4639745,-1.4389962 -48.4642577,-1.4394245 -48.4643504,-1.439567 -48.4644018,-1.439432 -48.4644454,-1.4393173</coordinates></LinearRing></outerBoundaryIs></Polygon>
  </Placemark>
  <Placemark id="praças_belem.235">
	<name>Pr</name>
	<Style><LineStyle><color>ff0000ff</color></LineStyle><PolyStyle><fill>0</fill></PolyStyle></Style>
	<ExtendedData><SchemaData schemaUrl="#praças_belem">
		<SimpleData name="element">way</SimpleData>
		<SimpleData name="id">1231776799</SimpleData>
		<SimpleData name="leisure">park</SimpleData>
	</SchemaData></ExtendedData>
      <Polygon><outerBoundaryIs><LinearRing><coordinates>-48.5036602,-1.4648388 -48.5031971,-1.4647098 -48.5030909,-1.4650723 -48.5035522,-1.4651785 -48.5036602,-1.4648388</coordinates></LinearRing></outerBoundaryIs></Polygon>
  </Placemark>
  <Placemark id="praças_belem.236">
	<Style><LineStyle><color>ff0000ff</color></LineStyle><PolyStyle><fill>0</fill></PolyStyle></Style>
	<ExtendedData><SchemaData schemaUrl="#praças_belem">
		<SimpleData name="element">way</SimpleData>
		<SimpleData name="id">1238699112</SimpleData>
		<SimpleData name="leisure">park</SimpleData>
	</SchemaData></ExtendedData>
      <Polygon><outerBoundaryIs><LinearRing><coordinates>-48.4596171,-1.4413931 -48.4595026,-1.4414235 -48.4593836,-1.4414188 -48.4592855,-1.4413581 -48.4592061,-1.4412764 -48.4591687,-1.4411807 -48.4591641,-1.4410663 -48.4591968,-1.440959 -48.4596708,-1.4402097 -48.4597548,-1.4401466 -48.4598506,-1.4401163 -48.459979,-1.440114 -48.4600794,-1.4401466 -48.4601611,-1.4402097 -48.4602218,-1.440296 -48.4602568,-1.4403964 -48.4602358,-1.4404991 -48.4597198,-1.4413208 -48.4596171,-1.4413931</coordinates></LinearRing></outerBoundaryIs></Polygon>
  </Placemark>
  <Placemark id="praças_belem.237">
	<Style><LineStyle><color>ff0000ff</color></LineStyle><PolyStyle><fill>0</fill></PolyStyle></Style>
	<ExtendedData><SchemaData schemaUrl="#praças_belem">
		<SimpleData name="element">way</SimpleData>
		<SimpleData name="id">1243579944</SimpleData>
		<SimpleData name="leisure">park</SimpleData>
	</SchemaData></ExtendedData>
      <Polygon><outerBoundaryIs><LinearRing><coordinates>-48.4440597,-1.4127806 -48.4442122,-1.4129204 -48.443708,-1.4134703 -48.4435554,-1.4133304 -48.4440597,-1.4127806</coordinates></LinearRing></outerBoundaryIs></Polygon>
  </Placemark>
  <Placemark id="praças_belem.238">
	<Style><LineStyle><color>ff0000ff</color></LineStyle><PolyStyle><fill>0</fill></PolyStyle></Style>
	<ExtendedData><SchemaData schemaUrl="#praças_belem">
		<SimpleData name="element">way</SimpleData>
		<SimpleData name="id">1264677711</SimpleData>
		<SimpleData name="leisure">park</SimpleData>
	</SchemaData></ExtendedData>
      <Polygon><outerBoundaryIs><LinearRing><coordinates>-48.4608404,-1.4338387 -48.4608278,-1.4337999 -48.4608032,-1.4337674 -48.4607691,-1.4337448 -48.4607307,-1.4337348 -48.4606912,-1.4337376 -48.4606546,-1.433753 -48.4606248,-1.4337793 -48.4606051,-1.4338137 -48.4605974,-1.4338526 -48.4606026,-1.4338919 -48.4606201,-1.4339275 -48.4606481,-1.4339556 -48.4606837,-1.4339732 -48.4607242,-1.4339785 -48.4607641,-1.4339702 -48.4607991,-1.4339492 -48.4608252,-1.4339178 -48.4608395,-1.4338795 -48.4608404,-1.4338387</coordinates></LinearRing></outerBoundaryIs></Polygon>
  </Placemark>
  <Placemark id="praças_belem.239">
	<Style><LineStyle><color>ff0000ff</color></LineStyle><PolyStyle><fill>0</fill></PolyStyle></Style>
	<ExtendedData><SchemaData schemaUrl="#praças_belem">
		<SimpleData name="element">way</SimpleData>
		<SimpleData name="id">1265852445</SimpleData>
		<SimpleData name="leisure">park</SimpleData>
	</SchemaData></ExtendedData>
      <Polygon><outerBoundaryIs><LinearRing><coordinates>-48.4681386,-1.4275956 -48.4681053,-1.4275807 -48.4680572,-1.42758 -48.4680317,-1.4276019 -48.4680161,-1.4276317 -48.4680182,-1.4276833 -48.4688804,-1.4290271 -48.4693732,-1.429759 -48.4695098,-1.4296647 -48.4690968,-1.4290275 -48.4686544,-1.4283512 -48.4684008,-1.4279756 -48.468178,-1.4276399 -48.4681386,-1.4275956</coordinates></LinearRing></outerBoundaryIs></Polygon>
  </Placemark>
  <Placemark id="praças_belem.240">
	<Style><LineStyle><color>ff0000ff</color></LineStyle><PolyStyle><fill>0</fill></PolyStyle></Style>
	<ExtendedData><SchemaData schemaUrl="#praças_belem">
		<SimpleData name="element">way</SimpleData>
		<SimpleData name="id">1265852449</SimpleData>
		<SimpleData name="leisure">park</SimpleData>
	</SchemaData></ExtendedData>
      <Polygon><outerBoundaryIs><LinearRing><coordinates>-48.4678909,-1.4272083 -48.4677631,-1.4272894 -48.4674543,-1.4268165 -48.4675137,-1.4267954 -48.4675381,-1.4267735 -48.4675738,-1.4267304 -48.4678909,-1.4272083</coordinates></LinearRing></outerBoundaryIs></Polygon>
  </Placemark>
  <Placemark id="praças_belem.241">
	<Style><LineStyle><color>ff0000ff</color></LineStyle><PolyStyle><fill>0</fill></PolyStyle></Style>
	<ExtendedData><SchemaData schemaUrl="#praças_belem">
		<SimpleData name="element">way</SimpleData>
		<SimpleData name="id">1265852450</SimpleData>
		<SimpleData name="leisure">park</SimpleData>
	</SchemaData></ExtendedData>
      <Polygon><outerBoundaryIs><LinearRing><coordinates>-48.4675177,-1.4266653 -48.4675177,-1.426697 -48.4674852,-1.4267312 -48.4674454,-1.4267385 -48.467408,-1.4267336 -48.4673795,-1.4267239 -48.4670014,-1.4261752 -48.4671478,-1.426085 -48.4675177,-1.4266653</coordinates></LinearRing></outerBoundaryIs></Polygon>
  </Placemark>
  <Placemark id="praças_belem.242">
	<Style><LineStyle><color>ff0000ff</color></LineStyle><PolyStyle><fill>0</fill></PolyStyle></Style>
	<ExtendedData><SchemaData schemaUrl="#praças_belem">
		<SimpleData name="element">way</SimpleData>
		<SimpleData name="id">1265852451</SimpleData>
		<SimpleData name="leisure">park</SimpleData>
	</SchemaData></ExtendedData>
      <Polygon><outerBoundaryIs><LinearRing><coordinates>-48.4703308,-1.4308983 -48.4703266,-1.43092 -48.4702109,-1.4309964 -48.4701899,-1.4309894 -48.4694986,-1.4299458 -48.4694958,-1.4299164 -48.4696241,-1.4298421 -48.4696423,-1.4298491 -48.4703308,-1.4308983</coordinates></LinearRing></outerBoundaryIs></Polygon>
  </Placemark>
  <Placemark id="praças_belem.243">
	<Style><LineStyle><color>ff0000ff</color></LineStyle><PolyStyle><fill>0</fill></PolyStyle></Style>
	<ExtendedData><SchemaData schemaUrl="#praças_belem">
		<SimpleData name="element">way</SimpleData>
		<SimpleData name="id">1265856684</SimpleData>
		<SimpleData name="leisure">park</SimpleData>
	</SchemaData></ExtendedData>
      <Polygon><outerBoundaryIs><LinearRing><coordinates>-48.4669041,-1.4260413 -48.4654983,-1.4238978 -48.4655217,-1.4238386 -48.4655994,-1.4238189 -48.4656475,-1.4238386 -48.4662501,-1.4247553 -48.4670437,-1.4259368 -48.4669774,-1.4260128 -48.4669041,-1.4260413</coordinates></LinearRing></outerBoundaryIs></Polygon>
  </Placemark>
  <Placemark id="praças_belem.244">
	<Style><LineStyle><color>ff0000ff</color></LineStyle><PolyStyle><fill>0</fill></PolyStyle></Style>
	<ExtendedData><SchemaData schemaUrl="#praças_belem">
		<SimpleData name="element">way</SimpleData>
		<SimpleData name="id">1265856685</SimpleData>
		<SimpleData name="leisure">park</SimpleData>
	</SchemaData></ExtendedData>
      <Polygon><outerBoundaryIs><LinearRing><coordinates>-48.4654548,-1.4238703 -48.4650733,-1.4233035 -48.4651615,-1.4232755 -48.4652007,-1.4232466 -48.4652148,-1.4231868 -48.4656192,-1.4237769 -48.4655772,-1.4237751 -48.4655211,-1.4237872 -48.4654894,-1.4238115 -48.4654548,-1.4238703</coordinates></LinearRing></outerBoundaryIs></Polygon>
  </Placemark>
  <Placemark id="praças_belem.245">
	<Style><LineStyle><color>ff0000ff</color></LineStyle><PolyStyle><fill>0</fill></PolyStyle></Style>
	<ExtendedData><SchemaData schemaUrl="#praças_belem">
		<SimpleData name="element">way</SimpleData>
		<SimpleData name="id">1265856686</SimpleData>
		<SimpleData name="leisure">park</SimpleData>
	</SchemaData></ExtendedData>
      <Polygon><outerBoundaryIs><LinearRing><coordinates>-48.4650233,-1.4232391 -48.46507,-1.4232522 -48.4651186,-1.4232428 -48.4651597,-1.4232074 -48.465183,-1.4231607 -48.4651653,-1.4231084 -48.4641836,-1.4216443 -48.4639753,-1.4213222 -48.4639249,-1.4213269 -48.4638819,-1.4213493 -48.4638455,-1.4213857 -48.4638465,-1.4214398 -48.4650233,-1.4232391</coordinates></LinearRing></outerBoundaryIs></Polygon>
  </Placemark>
  <Placemark id="praças_belem.246">
	<Style><LineStyle><color>ff0000ff</color></LineStyle><PolyStyle><fill>0</fill></PolyStyle></Style>
	<ExtendedData><SchemaData schemaUrl="#praças_belem">
		<SimpleData name="element">way</SimpleData>
		<SimpleData name="id">1265856687</SimpleData>
		<SimpleData name="leisure">park</SimpleData>
	</SchemaData></ExtendedData>
      <Polygon><outerBoundaryIs><LinearRing><coordinates>-48.463811,-1.4213792 -48.4637245,-1.4212134 -48.4638553,-1.4211317 -48.4639707,-1.421283 -48.4639128,-1.4212877 -48.4638689,-1.4213026 -48.4638315,-1.421339 -48.463811,-1.4213792</coordinates></LinearRing></outerBoundaryIs></Polygon>
  </Placemark>
  <Placemark id="praças_belem.247">
	<Style><LineStyle><color>ff0000ff</color></LineStyle><PolyStyle><fill>0</fill></PolyStyle></Style>
	<ExtendedData><SchemaData schemaUrl="#praças_belem">
		<SimpleData name="element">way</SimpleData>
		<SimpleData name="id">1265856688</SimpleData>
		<SimpleData name="leisure">park</SimpleData>
	</SchemaData></ExtendedData>
      <Polygon><outerBoundaryIs><LinearRing><coordinates>-48.4636365,-1.4210553 -48.4637625,-1.4209851 -48.4636278,-1.4207676 -48.4636108,-1.4208122 -48.4635867,-1.4208412 -48.4635393,-1.4208631 -48.4635123,-1.4208653 -48.4636365,-1.4210553</coordinates></LinearRing></outerBoundaryIs></Polygon>
  </Placemark>
  <Placemark id="praças_belem.248">
	<Style><LineStyle><color>ff0000ff</color></LineStyle><PolyStyle><fill>0</fill></PolyStyle></Style>
	<ExtendedData><SchemaData schemaUrl="#praças_belem">
		<SimpleData name="element">way</SimpleData>
		<SimpleData name="id">1265856689</SimpleData>
		<SimpleData name="leisure">park</SimpleData>
	</SchemaData></ExtendedData>
      <Polygon><outerBoundaryIs><LinearRing><coordinates>-48.4634947,-1.4208454 -48.4635577,-1.4208186 -48.4635846,-1.4207952 -48.4636058,-1.420728 -48.4632116,-1.4201598 -48.4628647,-1.4196305 -48.4624365,-1.4190311 -48.4623728,-1.418954 -48.4623395,-1.418949 -48.4623041,-1.4189639 -48.4622928,-1.4189993 -48.4623091,-1.4190396 -48.4634947,-1.4208454</coordinates></LinearRing></outerBoundaryIs></Polygon>
  </Placemark>
  <Placemark id="praças_belem.249">
	<Style><LineStyle><color>ff0000ff</color></LineStyle><PolyStyle><fill>0</fill></PolyStyle></Style>
	<ExtendedData><SchemaData schemaUrl="#praças_belem">
		<SimpleData name="element">way</SimpleData>
		<SimpleData name="id">1265856695</SimpleData>
		<SimpleData name="leisure">park</SimpleData>
	</SchemaData></ExtendedData>
      <Polygon><outerBoundaryIs><LinearRing><coordinates>-48.4622719,-1.4187757 -48.4622609,-1.4188275 -48.4622473,-1.4188503 -48.4622244,-1.4188583 -48.4621992,-1.4188662 -48.4621639,-1.4188496 -48.4618386,-1.418352 -48.4618395,-1.4183268 -48.461861,-1.4182997 -48.46189,-1.4182838 -48.4619227,-1.4182875 -48.4622719,-1.4187757</coordinates></LinearRing></outerBoundaryIs></Polygon>
  </Placemark>
  <Placemark id="praças_belem.250">
	<name>Praça Sônia Maria Frazão</name>
	<Style><LineStyle><color>ff0000ff</color></LineStyle><PolyStyle><fill>0</fill></PolyStyle></Style>
	<ExtendedData><SchemaData schemaUrl="#praças_belem">
		<SimpleData name="element">way</SimpleData>
		<SimpleData name="id">1268246820</SimpleData>
		<SimpleData name="leisure">park</SimpleData>
		<SimpleData name="operator">Prefeitura de Belém</SimpleData>
		<SimpleData name="operator:type">government</SimpleData>
	</SchemaData></ExtendedData>
      <Polygon><outerBoundaryIs><LinearRing><coordinates>-48.4428573,-1.3963412 -48.4420929,-1.3963398 -48.4420862,-1.3966871 -48.4428627,-1.3966871 -48.4428573,-1.3963412</coordinates></LinearRing></outerBoundaryIs></Polygon>
  </Placemark>
  <Placemark id="praças_belem.251">
	<Style><LineStyle><color>ff0000ff</color></LineStyle><PolyStyle><fill>0</fill></PolyStyle></Style>
	<ExtendedData><SchemaData schemaUrl="#praças_belem">
		<SimpleData name="element">way</SimpleData>
		<SimpleData name="id">1268248529</SimpleData>
		<SimpleData name="leisure">park</SimpleData>
	</SchemaData></ExtendedData>
      <Polygon><outerBoundaryIs><LinearRing><coordinates>-48.444002,-1.3952132 -48.4432992,-1.3952304 -48.443301,-1.3952953 -48.443315,-1.395796 -48.4440019,-1.3957882 -48.444002,-1.3952132</coordinates></LinearRing></outerBoundaryIs></Polygon>
  </Placemark>
  <Placemark id="praças_belem.252">
	<Style><LineStyle><color>ff0000ff</color></LineStyle><PolyStyle><fill>0</fill></PolyStyle></Style>
	<ExtendedData><SchemaData schemaUrl="#praças_belem">
		<SimpleData name="element">way</SimpleData>
		<SimpleData name="id">1268287920</SimpleData>
		<SimpleData name="leisure">park</SimpleData>
	</SchemaData></ExtendedData>
      <Polygon><outerBoundaryIs><LinearRing><coordinates>-48.4351631,-1.3972959 -48.4349713,-1.397123 -48.4349405,-1.3975614 -48.4351658,-1.3975668 -48.4351685,-1.3975373 -48.4351631,-1.3972959</coordinates></LinearRing></outerBoundaryIs></Polygon>
  </Placemark>
  <Placemark id="praças_belem.253">
	<Style><LineStyle><color>ff0000ff</color></LineStyle><PolyStyle><fill>0</fill></PolyStyle></Style>
	<ExtendedData><SchemaData schemaUrl="#praças_belem">
		<SimpleData name="element">way</SimpleData>
		<SimpleData name="id">1270457501</SimpleData>
		<SimpleData name="leisure">park</SimpleData>
	</SchemaData></ExtendedData>
      <Polygon><outerBoundaryIs><LinearRing><coordinates>-48.4631419,-1.4374753 -48.4631826,-1.4374716 -48.4632479,-1.4374913 -48.4632836,-1.4375356 -48.4632997,-1.4375997 -48.4632824,-1.4376477 -48.4632504,-1.4376748 -48.4631896,-1.4377088 -48.4631444,-1.437718 -48.4630803,-1.4376761 -48.4630569,-1.4376293 -48.4630532,-1.4375824 -48.4630569,-1.4375516 -48.4630754,-1.4375233 -48.4630975,-1.4374962 -48.4631419,-1.4374753</coordinates></LinearRing></outerBoundaryIs></Polygon>
  </Placemark>
  <Placemark id="praças_belem.254">
	<Style><LineStyle><color>ff0000ff</color></LineStyle><PolyStyle><fill>0</fill></PolyStyle></Style>
	<ExtendedData><SchemaData schemaUrl="#praças_belem">
		<SimpleData name="element">way</SimpleData>
		<SimpleData name="id">1270457502</SimpleData>
		<SimpleData name="leisure">park</SimpleData>
	</SchemaData></ExtendedData>
      <Polygon><outerBoundaryIs><LinearRing><coordinates>-48.4650066,-1.4401549 -48.4648279,-1.4402794 -48.4650004,-1.4405134 -48.4651138,-1.4403003 -48.4650066,-1.4401549</coordinates></LinearRing></outerBoundaryIs></Polygon>
  </Placemark>
  <Placemark id="praças_belem.255">
	<Style><LineStyle><color>ff0000ff</color></LineStyle><PolyStyle><fill>0</fill></PolyStyle></Style>
	<ExtendedData><SchemaData schemaUrl="#praças_belem">
		<SimpleData name="element">way</SimpleData>
		<SimpleData name="id">1270457503</SimpleData>
		<SimpleData name="leisure">park</SimpleData>
	</SchemaData></ExtendedData>
      <Polygon><outerBoundaryIs><LinearRing><coordinates>-48.465205,-1.4404531 -48.4650534,-1.4405984 -48.4655279,-1.4413192 -48.4657066,-1.4411972 -48.465205,-1.4404531</coordinates></LinearRing></outerBoundaryIs></Polygon>
  </Placemark>
  <Placemark id="praças_belem.256">
	<Style><LineStyle><color>ff0000ff</color></LineStyle><PolyStyle><fill>0</fill></PolyStyle></Style>
	<ExtendedData><SchemaData schemaUrl="#praças_belem">
		<SimpleData name="element">way</SimpleData>
		<SimpleData name="id">1270457504</SimpleData>
		<SimpleData name="leisure">park</SimpleData>
	</SchemaData></ExtendedData>
      <Polygon><outerBoundaryIs><LinearRing><coordinates>-48.4657645,-1.4413069 -48.4655846,-1.4414313 -48.4663413,-1.4425623 -48.4665323,-1.4424194 -48.4657645,-1.4413069</coordinates></LinearRing></outerBoundaryIs></Polygon>
  </Placemark>
  <Placemark id="praças_belem.257">
	<Style><LineStyle><color>ff0000ff</color></LineStyle><PolyStyle><fill>0</fill></PolyStyle></Style>
	<ExtendedData><SchemaData schemaUrl="#praças_belem">
		<SimpleData name="element">way</SimpleData>
		<SimpleData name="id">1270457505</SimpleData>
		<SimpleData name="leisure">park</SimpleData>
	</SchemaData></ExtendedData>
      <Polygon><outerBoundaryIs><LinearRing><coordinates>-48.4666851,-1.4426818 -48.4665039,-1.4428136 -48.4671707,-1.4437746 -48.4673395,-1.4436563 -48.4666851,-1.4426818</coordinates></LinearRing></outerBoundaryIs></Polygon>
  </Placemark>
  <Placemark id="praças_belem.258">
	<Style><LineStyle><color>ff0000ff</color></LineStyle><PolyStyle><fill>0</fill></PolyStyle></Style>
	<ExtendedData><SchemaData schemaUrl="#praças_belem">
		<SimpleData name="element">way</SimpleData>
		<SimpleData name="id">1270458141</SimpleData>
		<SimpleData name="leisure">park</SimpleData>
	</SchemaData></ExtendedData>
      <Polygon><outerBoundaryIs><LinearRing><coordinates>-48.4697159,-1.4423338 -48.4695914,-1.4423349 -48.4694788,-1.4423585 -48.4693908,-1.4423993 -48.4693328,-1.4424465 -48.4693071,-1.4424776 -48.4693071,-1.4425151 -48.4696569,-1.4425044 -48.4697041,-1.4424861 -48.4697159,-1.4424615 -48.4697159,-1.4423338</coordinates></LinearRing></outerBoundaryIs></Polygon>
  </Placemark>
  <Placemark id="praças_belem.259">
	<name>Praça</name>
	<Style><LineStyle><color>ff0000ff</color></LineStyle><PolyStyle><fill>0</fill></PolyStyle></Style>
	<ExtendedData><SchemaData schemaUrl="#praças_belem">
		<SimpleData name="element">way</SimpleData>
		<SimpleData name="id">1271539935</SimpleData>
		<SimpleData name="leisure">park</SimpleData>
	</SchemaData></ExtendedData>
      <Polygon><outerBoundaryIs><LinearRing><coordinates>-48.4929341,-1.4657967 -48.4925385,-1.4661037 -48.4924111,-1.4659429 -48.4928148,-1.4656412 -48.4929341,-1.4657967</coordinates></LinearRing></outerBoundaryIs></Polygon>
  </Placemark>
  <Placemark id="praças_belem.260">
	<Style><LineStyle><color>ff0000ff</color></LineStyle><PolyStyle><fill>0</fill></PolyStyle></Style>
	<ExtendedData><SchemaData schemaUrl="#praças_belem">
		<SimpleData name="element">way</SimpleData>
		<SimpleData name="id">1272215316</SimpleData>
		<SimpleData name="leisure">park</SimpleData>
	</SchemaData></ExtendedData>
      <Polygon><outerBoundaryIs><LinearRing><coordinates>-48.449696,-1.4231563 -48.4497537,-1.4232375 -48.4496521,-1.4233367 -48.4496342,-1.4233172 -48.4496749,-1.4232172 -48.449696,-1.4231563</coordinates></LinearRing></outerBoundaryIs></Polygon>
  </Placemark>
  <Placemark id="praças_belem.261">
	<Style><LineStyle><color>ff0000ff</color></LineStyle><PolyStyle><fill>0</fill></PolyStyle></Style>
	<ExtendedData><SchemaData schemaUrl="#praças_belem">
		<SimpleData name="element">way</SimpleData>
		<SimpleData name="id">1272422247</SimpleData>
		<SimpleData name="leisure">park</SimpleData>
	</SchemaData></ExtendedData>
      <Polygon><outerBoundaryIs><LinearRing><coordinates>-48.4791362,-1.4535203 -48.4791276,-1.4534974 -48.4791121,-1.4534784 -48.4790915,-1.4534653 -48.4790677,-1.4534594 -48.479042,-1.4534616 -48.4790186,-1.4534723 -48.479,-1.4534902 -48.4789885,-1.4535132 -48.4789853,-1.4535388 -48.4789908,-1.453564 -48.4790044,-1.4535859 -48.4790245,-1.453602 -48.4790488,-1.4536105 -48.4790733,-1.4536106 -48.4790966,-1.453603 -48.4791162,-1.4535884 -48.4791302,-1.4535683 -48.4791371,-1.4535448 -48.4791362,-1.4535203</coordinates></LinearRing></outerBoundaryIs></Polygon>
  </Placemark>
  <Placemark id="praças_belem.262">
	<Style><LineStyle><color>ff0000ff</color></LineStyle><PolyStyle><fill>0</fill></PolyStyle></Style>
	<ExtendedData><SchemaData schemaUrl="#praças_belem">
		<SimpleData name="element">way</SimpleData>
		<SimpleData name="id">1291319173</SimpleData>
		<SimpleData name="leisure">park</SimpleData>
	</SchemaData></ExtendedData>
      <Polygon><outerBoundaryIs><LinearRing><coordinates>-48.4777111,-1.4364651 -48.4776709,-1.436494 -48.4770433,-1.4355388 -48.4765912,-1.4348675 -48.4762204,-1.4342951 -48.4755559,-1.4333363 -48.4753918,-1.4330878 -48.4754391,-1.433058 -48.475816,-1.4335986 -48.4761009,-1.4340281 -48.4761924,-1.4341607 -48.4777111,-1.4364651</coordinates></LinearRing></outerBoundaryIs></Polygon>
  </Placemark>
  <Placemark id="praças_belem.263">
	<Style><LineStyle><color>ff0000ff</color></LineStyle><PolyStyle><fill>0</fill></PolyStyle></Style>
	<ExtendedData><SchemaData schemaUrl="#praças_belem">
		<SimpleData name="element">way</SimpleData>
		<SimpleData name="id">1291319174</SimpleData>
		<SimpleData name="leisure">park</SimpleData>
	</SchemaData></ExtendedData>
      <Polygon><outerBoundaryIs><LinearRing><coordinates>-48.4755375,-1.4329886 -48.4754763,-1.4330315 -48.4757607,-1.4334552 -48.4760664,-1.433896 -48.4764151,-1.4344205 -48.4767627,-1.4349407 -48.4771103,-1.4354694 -48.4774698,-1.4360025 -48.4777476,-1.4364433 -48.4778045,-1.4364015 -48.4773593,-1.4357268 -48.4769837,-1.435152 -48.4765213,-1.4344687 -48.4761201,-1.4338628 -48.4757392,-1.4332943 -48.4755375,-1.4329886</coordinates></LinearRing></outerBoundaryIs></Polygon>
  </Placemark>
  <Placemark id="praças_belem.264">
	<Style><LineStyle><color>ff0000ff</color></LineStyle><PolyStyle><fill>0</fill></PolyStyle></Style>
	<ExtendedData><SchemaData schemaUrl="#praças_belem">
		<SimpleData name="element">way</SimpleData>
		<SimpleData name="id">1291319175</SimpleData>
		<SimpleData name="leisure">park</SimpleData>
	</SchemaData></ExtendedData>
      <Polygon><outerBoundaryIs><LinearRing><coordinates>-48.4752543,-1.4328696 -48.4749549,-1.4324266 -48.4745451,-1.431812 -48.4745944,-1.4317745 -48.4748734,-1.4321917 -48.4753004,-1.4328428 -48.4752543,-1.4328696</coordinates></LinearRing></outerBoundaryIs></Polygon>
  </Placemark>
  <Placemark id="praças_belem.265">
	<Style><LineStyle><color>ff0000ff</color></LineStyle><PolyStyle><fill>0</fill></PolyStyle></Style>
	<ExtendedData><SchemaData schemaUrl="#praças_belem">
		<SimpleData name="element">way</SimpleData>
		<SimpleData name="id">1291319176</SimpleData>
		<SimpleData name="leisure">park</SimpleData>
	</SchemaData></ExtendedData>
      <Polygon><outerBoundaryIs><LinearRing><coordinates>-48.4754034,-1.4327773 -48.4753358,-1.4328213 -48.4746384,-1.4317595 -48.4747092,-1.4317198 -48.4754034,-1.4327773</coordinates></LinearRing></outerBoundaryIs></Polygon>
  </Placemark>
  <Placemark id="praças_belem.266">
	<Style><LineStyle><color>ff0000ff</color></LineStyle><PolyStyle><fill>0</fill></PolyStyle></Style>
	<ExtendedData><SchemaData schemaUrl="#praças_belem">
		<SimpleData name="element">way</SimpleData>
		<SimpleData name="id">1291319177</SimpleData>
		<SimpleData name="leisure">park</SimpleData>
	</SchemaData></ExtendedData>
      <Polygon><outerBoundaryIs><LinearRing><coordinates>-48.4744163,-1.4316319 -48.4740237,-1.4310377 -48.4736063,-1.4304092 -48.4732018,-1.4298064 -48.4728735,-1.429313 -48.4729422,-1.429268 -48.4731482,-1.4295747 -48.4736664,-1.4303759 -48.4739486,-1.4308049 -48.4744764,-1.4315932 -48.4744163,-1.4316319</coordinates></LinearRing></outerBoundaryIs></Polygon>
  </Placemark>
  <Placemark id="praças_belem.267">
	<Style><LineStyle><color>ff0000ff</color></LineStyle><PolyStyle><fill>0</fill></PolyStyle></Style>
	<ExtendedData><SchemaData schemaUrl="#praças_belem">
		<SimpleData name="element">way</SimpleData>
		<SimpleData name="id">1295513431</SimpleData>
		<SimpleData name="leisure">park</SimpleData>
	</SchemaData></ExtendedData>
      <Polygon><outerBoundaryIs><LinearRing><coordinates>-48.4558622,-1.4263454 -48.4557589,-1.426415 -48.456409,-1.4274065 -48.4565424,-1.427613 -48.4566286,-1.4275463 -48.4558622,-1.4263454</coordinates></LinearRing></outerBoundaryIs></Polygon>
  </Placemark>
  <Placemark id="praças_belem.268">
	<Style><LineStyle><color>ff0000ff</color></LineStyle><PolyStyle><fill>0</fill></PolyStyle></Style>
	<ExtendedData><SchemaData schemaUrl="#praças_belem">
		<SimpleData name="element">way</SimpleData>
		<SimpleData name="id">1304143686</SimpleData>
		<SimpleData name="leisure">park</SimpleData>
	</SchemaData></ExtendedData>
      <Polygon><outerBoundaryIs><LinearRing><coordinates>-48.4404739,-1.4134908 -48.4404084,-1.4134007 -48.4402003,-1.4136034 -48.4402411,-1.4136603 -48.4404739,-1.4134908</coordinates></LinearRing></outerBoundaryIs></Polygon>
  </Placemark>
  <Placemark id="praças_belem.269">
	<Style><LineStyle><color>ff0000ff</color></LineStyle><PolyStyle><fill>0</fill></PolyStyle></Style>
	<ExtendedData><SchemaData schemaUrl="#praças_belem">
		<SimpleData name="element">way</SimpleData>
		<SimpleData name="id">1314967190</SimpleData>
		<SimpleData name="leisure">park</SimpleData>
	</SchemaData></ExtendedData>
      <Polygon><outerBoundaryIs><LinearRing><coordinates>-48.4373846,-1.327558 -48.4372492,-1.3275522 -48.4372317,-1.3279455 -48.4373706,-1.3279514 -48.4373846,-1.327558</coordinates></LinearRing></outerBoundaryIs></Polygon>
  </Placemark>
  <Placemark id="praças_belem.270">
	<Style><LineStyle><color>ff0000ff</color></LineStyle><PolyStyle><fill>0</fill></PolyStyle></Style>
	<ExtendedData><SchemaData schemaUrl="#praças_belem">
		<SimpleData name="element">way</SimpleData>
		<SimpleData name="id">1321511028</SimpleData>
		<SimpleData name="leisure">park</SimpleData>
	</SchemaData></ExtendedData>
      <Polygon><outerBoundaryIs><LinearRing><coordinates>-48.4757057,-1.4389855 -48.4754289,-1.4385845 -48.4753197,-1.4386625 -48.4756443,-1.4391617 -48.4757057,-1.4389855</coordinates></LinearRing></outerBoundaryIs></Polygon>
  </Placemark>
  <Placemark id="praças_belem.271">
	<name>praça da piedade</name>
	<Style><LineStyle><color>ff0000ff</color></LineStyle><PolyStyle><fill>0</fill></PolyStyle></Style>
	<ExtendedData><SchemaData schemaUrl="#praças_belem">
		<SimpleData name="element">way</SimpleData>
		<SimpleData name="id">1327512453</SimpleData>
		<SimpleData name="leisure">park</SimpleData>
		<SimpleData name="opening_hours">sunrise-sunset</SimpleData>
		<SimpleData name="addr:city">belém</SimpleData>
		<SimpleData name="addr:postcode">66053210</SimpleData>
		<SimpleData name="addr:street">Travessa Piedade</SimpleData>
		<SimpleData name="addr:suburb">reduto</SimpleData>
	</SchemaData></ExtendedData>
      <Polygon><outerBoundaryIs><LinearRing><coordinates>-48.4942238,-1.4493406 -48.4941011,-1.4495227 -48.4940199,-1.449468 -48.4941427,-1.449286 -48.4942238,-1.4493406</coordinates></LinearRing></outerBoundaryIs></Polygon>
  </Placemark>
  <Placemark id="praças_belem.272">
	<name>Canteiro Central</name>
	<Style><LineStyle><color>ff0000ff</color></LineStyle><PolyStyle><fill>0</fill></PolyStyle></Style>
	<ExtendedData><SchemaData schemaUrl="#praças_belem">
		<SimpleData name="element">way</SimpleData>
		<SimpleData name="id">1329528305</SimpleData>
		<SimpleData name="leisure">park</SimpleData>
	</SchemaData></ExtendedData>
      <Polygon><outerBoundaryIs><LinearRing><coordinates>-48.4611702,-1.4402048 -48.4611305,-1.4402303 -48.4612079,-1.4403408 -48.4612466,-1.4403118 -48.4611702,-1.4402048</coordinates></LinearRing></outerBoundaryIs></Polygon>
  </Placemark>
  <Placemark id="praças_belem.273">
	<name>Praça de arvores nativas</name>
	<Style><LineStyle><color>ff0000ff</color></LineStyle><PolyStyle><fill>0</fill></PolyStyle></Style>
	<ExtendedData><SchemaData schemaUrl="#praças_belem">
		<SimpleData name="element">way</SimpleData>
		<SimpleData name="id">1329530620</SimpleData>
		<SimpleData name="leisure">park</SimpleData>
	</SchemaData></ExtendedData>
      <Polygon><outerBoundaryIs><LinearRing><coordinates>-48.4608216,-1.4393468 -48.4609232,-1.4395185 -48.4608531,-1.4395699 -48.4607349,-1.4393716 -48.4608216,-1.4393468</coordinates></LinearRing></outerBoundaryIs></Polygon>
  </Placemark>
  <Placemark id="praças_belem.274">
	<name>Praça Limoeiro</name>
	<Style><LineStyle><color>ff0000ff</color></LineStyle><PolyStyle><fill>0</fill></PolyStyle></Style>
	<ExtendedData><SchemaData schemaUrl="#praças_belem">
		<SimpleData name="element">way</SimpleData>
		<SimpleData name="id">1342281330</SimpleData>
		<SimpleData name="leisure">park</SimpleData>
		<SimpleData name="access">yes</SimpleData>
	</SchemaData></ExtendedData>
      <Polygon><outerBoundaryIs><LinearRing><coordinates>-48.4502553,-1.3100018 -48.450039,-1.3099874 -48.4499982,-1.3104822 -48.4502349,-1.3104942 -48.4502553,-1.3100018</coordinates></LinearRing></outerBoundaryIs></Polygon>
  </Placemark>
  <Placemark id="praças_belem.275">
	<name>Praça da Vila da Barca</name>
	<Style><LineStyle><color>ff0000ff</color></LineStyle><PolyStyle><fill>0</fill></PolyStyle></Style>
	<ExtendedData><SchemaData schemaUrl="#praças_belem">
		<SimpleData name="element">way</SimpleData>
		<SimpleData name="id">1342282342</SimpleData>
		<SimpleData name="leisure">park</SimpleData>
		<SimpleData name="addr:street">Passagem Praiana</SimpleData>
	</SchemaData></ExtendedData>
      <Polygon><outerBoundaryIs><LinearRing><coordinates>-48.4914292,-1.4278431 -48.4910687,-1.4279424 -48.4911483,-1.4282635 -48.4915129,-1.4281717 -48.4914292,-1.4278431</coordinates></LinearRing></outerBoundaryIs></Polygon>
  </Placemark>
  <Placemark id="praças_belem.276">
	<Style><LineStyle><color>ff0000ff</color></LineStyle><PolyStyle><fill>0</fill></PolyStyle></Style>
	<ExtendedData><SchemaData schemaUrl="#praças_belem">
		<SimpleData name="element">way</SimpleData>
		<SimpleData name="id">1372467212</SimpleData>
		<SimpleData name="leisure">park</SimpleData>
	</SchemaData></ExtendedData>
      <Polygon><outerBoundaryIs><LinearRing><coordinates>-48.4833325,-1.4574814 -48.4833282,-1.4576299 -48.4830255,-1.4576212 -48.483029,-1.4576017 -48.4830768,-1.4576017 -48.483083,-1.4575522 -48.4830288,-1.4575516 -48.4830326,-1.4574549 -48.4833325,-1.4574814</coordinates></LinearRing></outerBoundaryIs></Polygon>
  </Placemark>
  <Placemark id="praças_belem.277">
	<Style><LineStyle><color>ff0000ff</color></LineStyle><PolyStyle><fill>0</fill></PolyStyle></Style>
	<ExtendedData><SchemaData schemaUrl="#praças_belem">
		<SimpleData name="element">way</SimpleData>
		<SimpleData name="id">1372473346</SimpleData>
		<SimpleData name="leisure">park</SimpleData>
	</SchemaData></ExtendedData>
      <Polygon><outerBoundaryIs><LinearRing><coordinates>-48.472111,-1.4147773 -48.4719905,-1.4147285 -48.4716576,-1.4146339 -48.4716232,-1.4147543 -48.4720995,-1.4148863 -48.4722515,-1.4149322 -48.4721884,-1.414826 -48.472111,-1.4147773</coordinates></LinearRing></outerBoundaryIs></Polygon>
  </Placemark>
  <Placemark id="praças_belem.278">
	<Style><LineStyle><color>ff0000ff</color></LineStyle><PolyStyle><fill>0</fill></PolyStyle></Style>
	<ExtendedData><SchemaData schemaUrl="#praças_belem">
		<SimpleData name="element">way</SimpleData>
		<SimpleData name="id">1372474797</SimpleData>
		<SimpleData name="leisure">park</SimpleData>
	</SchemaData></ExtendedData>
      <Polygon><outerBoundaryIs><LinearRing><coordinates>-48.4864711,-1.4178876 -48.4863281,-1.4178847 -48.4863176,-1.4179232 -48.4864285,-1.4179728 -48.4865033,-1.4179997 -48.4864817,-1.4179606 -48.4864694,-1.4179285 -48.4864711,-1.4178876</coordinates></LinearRing></outerBoundaryIs></Polygon>
  </Placemark>
  <Placemark id="praças_belem.279">
	<Style><LineStyle><color>ff0000ff</color></LineStyle><PolyStyle><fill>0</fill></PolyStyle></Style>
	<ExtendedData><SchemaData schemaUrl="#praças_belem">
		<SimpleData name="element">way</SimpleData>
		<SimpleData name="id">1372474913</SimpleData>
		<SimpleData name="leisure">park</SimpleData>
	</SchemaData></ExtendedData>
      <Polygon><outerBoundaryIs><LinearRing><coordinates>-48.483086,-1.4603081 -48.4830914,-1.4606555 -48.4828134,-1.4606451 -48.4828319,-1.4603186 -48.483086,-1.4603081</coordinates></LinearRing></outerBoundaryIs></Polygon>
  </Placemark>
  <Placemark id="praças_belem.280">
	<Style><LineStyle><color>ff0000ff</color></LineStyle><PolyStyle><fill>0</fill></PolyStyle></Style>
	<ExtendedData><SchemaData schemaUrl="#praças_belem">
		<SimpleData name="element">way</SimpleData>
		<SimpleData name="id">1372495022</SimpleData>
		<SimpleData name="leisure">park</SimpleData>
	</SchemaData></ExtendedData>
      <Polygon><outerBoundaryIs><LinearRing><coordinates>-48.4345236,-1.4580343 -48.4347138,-1.4581747 -48.4347632,-1.4583422 -48.4344941,-1.458687 -48.4344279,-1.4586388 -48.434449,-1.4586099 -48.4342901,-1.4584942 -48.4342629,-1.4585315 -48.4341962,-1.4584704 -48.4342524,-1.4584058 -48.4342826,-1.4584278 -48.4343881,-1.4582831 -48.434358,-1.4582611 -48.4344588,-1.4581231 -48.4345236,-1.4580343</coordinates></LinearRing></outerBoundaryIs></Polygon>
  </Placemark>
  <Placemark id="praças_belem.281">
	<Style><LineStyle><color>ff0000ff</color></LineStyle><PolyStyle><fill>0</fill></PolyStyle></Style>
	<ExtendedData><SchemaData schemaUrl="#praças_belem">
		<SimpleData name="element">way</SimpleData>
		<SimpleData name="id">1372497970</SimpleData>
		<SimpleData name="leisure">park</SimpleData>
	</SchemaData></ExtendedData>
      <Polygon><outerBoundaryIs><LinearRing><coordinates>-48.4713684,-1.4656851 -48.4712571,-1.4661235 -48.4710841,-1.4660906 -48.4711565,-1.4656637 -48.4713684,-1.4656851</coordinates></LinearRing></outerBoundaryIs></Polygon>
  </Placemark>
  <Placemark id="praças_belem.282">
	<name>Poço da Cosanpa e Parque Público</name>
	<Style><LineStyle><color>ff0000ff</color></LineStyle><PolyStyle><fill>0</fill></PolyStyle></Style>
	<ExtendedData><SchemaData schemaUrl="#praças_belem">
		<SimpleData name="element">way</SimpleData>
		<SimpleData name="id">1376345845</SimpleData>
		<SimpleData name="leisure">park</SimpleData>
		<SimpleData name="addr:street">Rua Jader Barbalho</SimpleData>
		<SimpleData name="operator">Cosanpa</SimpleData>
		<SimpleData name="operator:type">government</SimpleData>
	</SchemaData></ExtendedData>
      <Polygon><outerBoundaryIs><LinearRing><coordinates>-48.451055,-1.2550482 -48.4508676,-1.2552325 -48.4510657,-1.2554451 -48.4512629,-1.2552574 -48.451055,-1.2550482</coordinates></LinearRing></outerBoundaryIs></Polygon>
  </Placemark>
  <Placemark id="praças_belem.283">
	<Style><LineStyle><color>ff0000ff</color></LineStyle><PolyStyle><fill>0</fill></PolyStyle></Style>
	<ExtendedData><SchemaData schemaUrl="#praças_belem">
		<SimpleData name="element">way</SimpleData>
		<SimpleData name="id">1376738511</SimpleData>
		<SimpleData name="leisure">park</SimpleData>
	</SchemaData></ExtendedData>
      <Polygon><outerBoundaryIs><LinearRing><coordinates>-48.4823267,-1.4577382 -48.4823947,-1.4577515 -48.4823922,-1.4578484 -48.4823789,-1.4578558 -48.4823756,-1.457937 -48.4823267,-1.4579477 -48.4823267,-1.4577382</coordinates></LinearRing></outerBoundaryIs></Polygon>
  </Placemark>
  <Placemark id="praças_belem.284">
	<Style><LineStyle><color>ff0000ff</color></LineStyle><PolyStyle><fill>0</fill></PolyStyle></Style>
	<ExtendedData><SchemaData schemaUrl="#praças_belem">
		<SimpleData name="element">way</SimpleData>
		<SimpleData name="id">1376742611</SimpleData>
		<SimpleData name="leisure">park</SimpleData>
	</SchemaData></ExtendedData>
      <Polygon><outerBoundaryIs><LinearRing><coordinates>-48.449606,-1.4579503 -48.4495629,-1.4579897 -48.4495202,-1.4579431 -48.4494869,-1.4579067 -48.44953,-1.4578673 -48.449606,-1.4579503</coordinates></LinearRing></outerBoundaryIs></Polygon>
  </Placemark>
  <Placemark id="praças_belem.285">
	<Style><LineStyle><color>ff0000ff</color></LineStyle><PolyStyle><fill>0</fill></PolyStyle></Style>
	<ExtendedData><SchemaData schemaUrl="#praças_belem">
		<SimpleData name="element">way</SimpleData>
		<SimpleData name="id">1376742614</SimpleData>
		<SimpleData name="leisure">park</SimpleData>
	</SchemaData></ExtendedData>
      <Polygon><outerBoundaryIs><LinearRing><coordinates>-48.4502986,-1.4571109 -48.4502631,-1.4571415 -48.4502155,-1.4570862 -48.4502535,-1.4570561 -48.4502986,-1.4571109</coordinates></LinearRing></outerBoundaryIs></Polygon>
  </Placemark>
  <Placemark id="praças_belem.286">
	<Style><LineStyle><color>ff0000ff</color></LineStyle><PolyStyle><fill>0</fill></PolyStyle></Style>
	<ExtendedData><SchemaData schemaUrl="#praças_belem">
		<SimpleData name="element">way</SimpleData>
		<SimpleData name="id">1376742632</SimpleData>
		<SimpleData name="leisure">park</SimpleData>
	</SchemaData></ExtendedData>
      <Polygon><outerBoundaryIs><LinearRing><coordinates>-48.4497463,-1.4573862 -48.449722,-1.4573475 -48.4497072,-1.4573186 -48.4496979,-1.4572992 -48.4497421,-1.4572744 -48.4497622,-1.4573106 -48.449779,-1.4573408 -48.4497911,-1.4573582 -48.4497463,-1.4573862</coordinates></LinearRing></outerBoundaryIs></Polygon>
  </Placemark>
  <Placemark id="praças_belem.287">
	<Style><LineStyle><color>ff0000ff</color></LineStyle><PolyStyle><fill>0</fill></PolyStyle></Style>
	<ExtendedData><SchemaData schemaUrl="#praças_belem">
		<SimpleData name="element">way</SimpleData>
		<SimpleData name="id">1376743630</SimpleData>
		<SimpleData name="leisure">park</SimpleData>
	</SchemaData></ExtendedData>
      <Polygon><outerBoundaryIs><LinearRing><coordinates>-48.4588505,-1.4494458 -48.4586608,-1.4494328 -48.4586541,-1.4495316 -48.4588437,-1.4495446 -48.4588505,-1.4494458</coordinates></LinearRing></outerBoundaryIs></Polygon>
  </Placemark>
  <Placemark id="praças_belem.288">
	<name>Largo do Rosário</name>
	<Style><LineStyle><color>ff0000ff</color></LineStyle><PolyStyle><fill>0</fill></PolyStyle></Style>
	<ExtendedData><SchemaData schemaUrl="#praças_belem">
		<SimpleData name="element">way</SimpleData>
		<SimpleData name="id">1389420428</SimpleData>
		<SimpleData name="leisure">park</SimpleData>
	</SchemaData></ExtendedData>
      <Polygon><outerBoundaryIs><LinearRing><coordinates>-48.497548,-1.4528055 -48.4974134,-1.4526696 -48.4972289,-1.4528521 -48.4973636,-1.4529881 -48.497548,-1.4528055</coordinates></LinearRing></outerBoundaryIs></Polygon>
  </Placemark>
  <Placemark id="praças_belem.289">
	<name>Área verde do 14 Bis</name>
	<Style><LineStyle><color>ff0000ff</color></LineStyle><PolyStyle><fill>0</fill></PolyStyle></Style>
	<ExtendedData><SchemaData schemaUrl="#praças_belem">
		<SimpleData name="element">way</SimpleData>
		<SimpleData name="id">1418757783</SimpleData>
		<SimpleData name="leisure">park</SimpleData>
		<SimpleData name="leaf_type">mixed</SimpleData>
		<SimpleData name="leaf_cycle">mixed</SimpleData>
		<SimpleData name="natural">wood</SimpleData>
	</SchemaData></ExtendedData>
      <Polygon><outerBoundaryIs><LinearRing><coordinates>-48.4583549,-1.4197582 -48.4584237,-1.4198614 -48.4584514,-1.419903 -48.458328,-1.4200425 -48.45821,-1.4199191 -48.4583549,-1.4197582</coordinates></LinearRing></outerBoundaryIs></Polygon>
  </Placemark>
  <Placemark id="praças_belem.290">
	<name>Área verde do 14 bis</name>
	<Style><LineStyle><color>ff0000ff</color></LineStyle><PolyStyle><fill>0</fill></PolyStyle></Style>
	<ExtendedData><SchemaData schemaUrl="#praças_belem">
		<SimpleData name="element">way</SimpleData>
		<SimpleData name="id">1418758015</SimpleData>
		<SimpleData name="leisure">park</SimpleData>
		<SimpleData name="leaf_type">mixed</SimpleData>
		<SimpleData name="leaf_cycle">mixed</SimpleData>
		<SimpleData name="natural">wood</SimpleData>
	</SchemaData></ExtendedData>
      <Polygon><outerBoundaryIs><LinearRing><coordinates>-48.4581188,-1.4200317 -48.4582422,-1.4201336 -48.4581573,-1.4202047 -48.4580437,-1.4202999 -48.4580153,-1.4202665 -48.4580021,-1.4202509 -48.4579525,-1.4201926 -48.4580276,-1.4200371 -48.4579579,-1.4199674 -48.4579847,-1.4199245 -48.4581188,-1.4200317</coordinates></LinearRing></outerBoundaryIs></Polygon>
  </Placemark>
  <Placemark id="praças_belem.291">
	<Style><LineStyle><color>ff0000ff</color></LineStyle><PolyStyle><fill>0</fill></PolyStyle></Style>
	<ExtendedData><SchemaData schemaUrl="#praças_belem">
		<SimpleData name="element">way</SimpleData>
		<SimpleData name="id">1436090459</SimpleData>
		<SimpleData name="leisure">park</SimpleData>
	</SchemaData></ExtendedData>
      <Polygon><outerBoundaryIs><LinearRing><coordinates>-48.4864582,-1.4616406 -48.4863962,-1.4615646 -48.4863622,-1.4616005 -48.4863881,-1.4616231 -48.4862987,-1.4617141 -48.4862734,-1.4616946 -48.4861889,-1.4617913 -48.4861328,-1.4617653 -48.4861076,-1.4617962 -48.4861198,-1.4618182 -48.4860458,-1.4618889 -48.4860921,-1.4619506 -48.4860498,-1.461984 -48.4861011,-1.462049 -48.4861759,-1.4619962 -48.4862661,-1.462088 -48.4863239,-1.4620116 -48.4862767,-1.4619661 -48.4863873,-1.4618434 -48.486454,-1.4619003 -48.4865588,-1.4617726 -48.4865336,-1.4617483 -48.4864344,-1.4618385 -48.4863466,-1.4617556 -48.4864582,-1.4616406</coordinates></LinearRing></outerBoundaryIs></Polygon>
  </Placemark>
  <Placemark id="praças_belem.292">
	<Style><LineStyle><color>ff0000ff</color></LineStyle><PolyStyle><fill>0</fill></PolyStyle></Style>
	<ExtendedData><SchemaData schemaUrl="#praças_belem">
		<SimpleData name="element">way</SimpleData>
		<SimpleData name="id">1436094405</SimpleData>
		<SimpleData name="leisure">park</SimpleData>
	</SchemaData></ExtendedData>
      <Polygon><outerBoundaryIs><LinearRing><coordinates>-48.4865019,-1.461518 -48.4864805,-1.4615416 -48.4864311,-1.4614901 -48.4864569,-1.4614622 -48.4865019,-1.461518</coordinates></LinearRing></outerBoundaryIs></Polygon>
  </Placemark>
  <Placemark id="praças_belem.293">
	<Style><LineStyle><color>ff0000ff</color></LineStyle><PolyStyle><fill>0</fill></PolyStyle></Style>
	<ExtendedData><SchemaData schemaUrl="#praças_belem">
		<SimpleData name="element">way</SimpleData>
		<SimpleData name="id">1442153385</SimpleData>
		<SimpleData name="leisure">park</SimpleData>
	</SchemaData></ExtendedData>
      <Polygon><outerBoundaryIs><LinearRing><coordinates>-48.4557189,-1.4549494 -48.4557121,-1.4549333 -48.4556956,-1.4549208 -48.4553667,-1.4547404 -48.4550928,-1.4549396 -48.4550907,-1.4549609 -48.4550955,-1.4549938 -48.4551053,-1.4550087 -48.4551258,-1.4550287 -48.4554947,-1.454997 -48.4556987,-1.4549813 -48.4557109,-1.4549781 -48.4557157,-1.4549672 -48.4557189,-1.4549494</coordinates></LinearRing></outerBoundaryIs></Polygon>
  </Placemark>
  <Placemark id="praças_belem.294">
	<Style><LineStyle><color>ff0000ff</color></LineStyle><PolyStyle><fill>0</fill></PolyStyle></Style>
	<ExtendedData><SchemaData schemaUrl="#praças_belem">
		<SimpleData name="element">way</SimpleData>
		<SimpleData name="id">1464476032</SimpleData>
		<SimpleData name="leisure">park</SimpleData>
	</SchemaData></ExtendedData>
      <Polygon><outerBoundaryIs><LinearRing><coordinates>-48.4698446,-1.4746623 -48.4694066,-1.4747323 -48.4699322,-1.4756396 -48.4698726,-1.4750826 -48.4698656,-1.4749495 -48.4698446,-1.4746623</coordinates></LinearRing></outerBoundaryIs></Polygon>
  </Placemark>
  <Placemark id="praças_belem.295">
	<name>Praça da mangueira SIDERAL</name>
	<Style><LineStyle><color>ff0000ff</color></LineStyle><PolyStyle><fill>0</fill></PolyStyle></Style>
	<ExtendedData><SchemaData schemaUrl="#praças_belem">
		<SimpleData name="element">way</SimpleData>
		<SimpleData name="id">1464476444</SimpleData>
		<SimpleData name="leisure">park</SimpleData>
		<SimpleData name="addr:suburb">Coqueiro (Sideral)</SimpleData>
	</SchemaData></ExtendedData>
      <Polygon><outerBoundaryIs><LinearRing><coordinates>-48.4375572,-1.3532686 -48.4377277,-1.3536409 -48.43743,-1.3537179 -48.4372747,-1.3533316 -48.4375572,-1.3532686</coordinates></LinearRing></outerBoundaryIs></Polygon>
  </Placemark>
  <Placemark id="praças_belem.296">
	<Style><LineStyle><color>ff0000ff</color></LineStyle><PolyStyle><fill>0</fill></PolyStyle></Style>
	<ExtendedData><SchemaData schemaUrl="#praças_belem">
		<SimpleData name="element">way</SimpleData>
		<SimpleData name="id">1467943169</SimpleData>
		<SimpleData name="leisure">park</SimpleData>
	</SchemaData></ExtendedData>
      <Polygon><outerBoundaryIs><LinearRing><coordinates>-48.4437465,-1.310698 -48.4437341,-1.3107371 -48.4434812,-1.310884 -48.4434488,-1.3108706 -48.4429564,-1.3100006 -48.442965,-1.3099691 -48.4432312,-1.3098232 -48.4432608,-1.3098356 -48.4437465,-1.310698</coordinates></LinearRing></outerBoundaryIs></Polygon>
  </Placemark>
  <Placemark id="praças_belem.297">
	<Style><LineStyle><color>ff0000ff</color></LineStyle><PolyStyle><fill>0</fill></PolyStyle></Style>
	<ExtendedData><SchemaData schemaUrl="#praças_belem">
		<SimpleData name="element">way</SimpleData>
		<SimpleData name="id">1467943170</SimpleData>
		<SimpleData name="leisure">park</SimpleData>
	</SchemaData></ExtendedData>
      <Polygon><outerBoundaryIs><LinearRing><coordinates>-48.4458619,-1.3088111 -48.4458543,-1.3088378 -48.4449211,-1.3093768 -48.4448934,-1.3093701 -48.4447207,-1.3090686 -48.4447312,-1.3090324 -48.4456615,-1.308501 -48.4456892,-1.3085106 -48.4458619,-1.3088111</coordinates></LinearRing></outerBoundaryIs></Polygon>
  </Placemark>
  <Placemark id="praças_belem.298">
	<Style><LineStyle><color>ff0000ff</color></LineStyle><PolyStyle><fill>0</fill></PolyStyle></Style>
	<ExtendedData><SchemaData schemaUrl="#praças_belem">
		<SimpleData name="element">way</SimpleData>
		<SimpleData name="id">1467943171</SimpleData>
		<SimpleData name="leisure">park</SimpleData>
	</SchemaData></ExtendedData>
      <Polygon><outerBoundaryIs><LinearRing><coordinates>-48.4506834,-1.3071703 -48.4506862,-1.307197 -48.4493542,-1.307923 -48.4493423,-1.3079251 -48.4493313,-1.3079201 -48.4493259,-1.3079121 -48.4493248,-1.3079024 -48.4493284,-1.3078934 -48.4502435,-1.3068021 -48.4502559,-1.3067964 -48.4506834,-1.3071703</coordinates></LinearRing></outerBoundaryIs></Polygon>
  </Placemark>
  <Placemark id="praças_belem.299">
	<Style><LineStyle><color>ff0000ff</color></LineStyle><PolyStyle><fill>0</fill></PolyStyle></Style>
	<ExtendedData><SchemaData schemaUrl="#praças_belem">
		<SimpleData name="element">way</SimpleData>
		<SimpleData name="id">1467943172</SimpleData>
		<SimpleData name="leisure">park</SimpleData>
	</SchemaData></ExtendedData>
      <Polygon><outerBoundaryIs><LinearRing><coordinates>-48.4491634,-1.3058644 -48.4491643,-1.3058892 -48.4482311,-1.3069738 -48.4482034,-1.3069709 -48.4478485,-1.30666 -48.4478456,-1.3066409 -48.4487826,-1.3055639 -48.4488113,-1.3055582 -48.4491634,-1.3058644</coordinates></LinearRing></outerBoundaryIs></Polygon>
  </Placemark>
  <Placemark id="praças_belem.300">
	<Style><LineStyle><color>ff0000ff</color></LineStyle><PolyStyle><fill>0</fill></PolyStyle></Style>
	<ExtendedData><SchemaData schemaUrl="#praças_belem">
		<SimpleData name="element">way</SimpleData>
		<SimpleData name="id">1467943173</SimpleData>
		<SimpleData name="leisure">park</SimpleData>
	</SchemaData></ExtendedData>
      <Polygon><outerBoundaryIs><LinearRing><coordinates>-48.4479334,-1.3047826 -48.4479334,-1.3048093 -48.4469401,-1.3059521 -48.4469163,-1.3059502 -48.4464897,-1.3055801 -48.4464897,-1.3055591 -48.4474811,-1.3044125 -48.4475031,-1.3044077 -48.4479334,-1.3047826</coordinates></LinearRing></outerBoundaryIs></Polygon>
  </Placemark>
  <Placemark id="praças_belem.301">
	<Style><LineStyle><color>ff0000ff</color></LineStyle><PolyStyle><fill>0</fill></PolyStyle></Style>
	<ExtendedData><SchemaData schemaUrl="#praças_belem">
		<SimpleData name="element">way</SimpleData>
		<SimpleData name="id">1467943174</SimpleData>
		<SimpleData name="leisure">park</SimpleData>
	</SchemaData></ExtendedData>
      <Polygon><outerBoundaryIs><LinearRing><coordinates>-48.4467855,-1.3043867 -48.4467846,-1.3044125 -48.4463943,-1.3048713 -48.4463771,-1.3048713 -48.4455413,-1.3041435 -48.4455432,-1.3041225 -48.4459373,-1.3036703 -48.4459621,-1.3036684 -48.4467855,-1.3043867</coordinates></LinearRing></outerBoundaryIs></Polygon>
  </Placemark>
  <Placemark id="praças_belem.302">
	<Style><LineStyle><color>ff0000ff</color></LineStyle><PolyStyle><fill>0</fill></PolyStyle></Style>
	<ExtendedData><SchemaData schemaUrl="#praças_belem">
		<SimpleData name="element">way</SimpleData>
		<SimpleData name="id">1467943175</SimpleData>
		<SimpleData name="leisure">park</SimpleData>
	</SchemaData></ExtendedData>
      <Polygon><outerBoundaryIs><LinearRing><coordinates>-48.4450928,-1.3074956 -48.4450919,-1.3075271 -48.4444736,-1.3078819 -48.4444507,-1.3078753 -48.4438486,-1.3068126 -48.4438524,-1.3067935 -48.444026,-1.3065932 -48.4440509,-1.3065894 -48.4450928,-1.3074956</coordinates></LinearRing></outerBoundaryIs></Polygon>
  </Placemark>
  <Placemark id="praças_belem.303">
	<Style><LineStyle><color>ff0000ff</color></LineStyle><PolyStyle><fill>0</fill></PolyStyle></Style>
	<ExtendedData><SchemaData schemaUrl="#praças_belem">
		<SimpleData name="element">way</SimpleData>
		<SimpleData name="id">1467943176</SimpleData>
		<SimpleData name="leisure">park</SimpleData>
	</SchemaData></ExtendedData>
      <Polygon><outerBoundaryIs><LinearRing><coordinates>-48.4424431,-1.3091068 -48.4424392,-1.3091297 -48.442069,-1.3093405 -48.442049,-1.3093338 -48.4417236,-1.3087653 -48.4417227,-1.3087472 -48.4417284,-1.3087271 -48.4420127,-1.3084104 -48.4420356,-1.3084066 -48.4420528,-1.3084152 -48.4424431,-1.3091068</coordinates></LinearRing></outerBoundaryIs></Polygon>
  </Placemark>
  <Placemark id="praças_belem.304">
	<Style><LineStyle><color>ff0000ff</color></LineStyle><PolyStyle><fill>0</fill></PolyStyle></Style>
	<ExtendedData><SchemaData schemaUrl="#praças_belem">
		<SimpleData name="element">way</SimpleData>
		<SimpleData name="id">1467943177</SimpleData>
		<SimpleData name="leisure">park</SimpleData>
	</SchemaData></ExtendedData>
      <Polygon><outerBoundaryIs><LinearRing><coordinates>-48.4436586,-1.3091969 -48.4436331,-1.309225 -48.4436025,-1.3092476 -48.4435682,-1.3092638 -48.4435313,-1.309273 -48.4434934,-1.3092748 -48.4434558,-1.3092692 -48.4434201,-1.3092564 -48.4433875,-1.3092368 -48.4433594,-1.3092113 -48.4433368,-1.3091808 -48.4433206,-1.3091464 -48.4433114,-1.3091096 -48.4433096,-1.3090717 -48.4433152,-1.3090341 -48.443328,-1.3089984 -48.4433476,-1.3089658 -48.4433731,-1.3089377 -48.4434036,-1.3089151 -48.443438,-1.3088989 -48.4434748,-1.3088897 -48.4435128,-1.3088879 -48.4435503,-1.3088935 -48.4435861,-1.3089063 -48.4436186,-1.3089259 -48.4436468,-1.3089514 -48.4436694,-1.3089819 -48.4436856,-1.3090163 -48.4436948,-1.3090531 -48.4436966,-1.309091 -48.443691,-1.3091286 -48.4436782,-1.3091643 -48.4436586,-1.3091969</coordinates></LinearRing></outerBoundaryIs></Polygon>
  </Placemark>
  <Placemark id="praças_belem.305">
	<Style><LineStyle><color>ff0000ff</color></LineStyle><PolyStyle><fill>0</fill></PolyStyle></Style>
	<ExtendedData><SchemaData schemaUrl="#praças_belem">
		<SimpleData name="element">way</SimpleData>
		<SimpleData name="id">1467943178</SimpleData>
		<SimpleData name="leisure">park</SimpleData>
	</SchemaData></ExtendedData>
      <Polygon><outerBoundaryIs><LinearRing><coordinates>-48.4466113,-1.3075062 -48.4465852,-1.307535 -48.4465539,-1.3075581 -48.4465188,-1.3075747 -48.4464811,-1.3075841 -48.4464423,-1.3075859 -48.4464038,-1.3075802 -48.4463672,-1.3075671 -48.4463339,-1.3075471 -48.4463052,-1.3075209 -48.446282,-1.3074897 -48.4462654,-1.3074546 -48.446256,-1.3074169 -48.4462542,-1.3073781 -48.4462599,-1.3073396 -48.446273,-1.3073031 -48.4462931,-1.3072698 -48.4463192,-1.307241 -48.4463504,-1.3072179 -48.4463856,-1.3072013 -48.4464233,-1.3071919 -48.4464621,-1.30719 -48.4465005,-1.3071958 -48.4465371,-1.3072089 -48.4465704,-1.3072289 -48.4465992,-1.307255 -48.4466223,-1.3072862 -48.4466389,-1.3073214 -48.4466483,-1.3073591 -48.4466502,-1.3073979 -48.4466444,-1.3074363 -48.4466313,-1.3074729 -48.4466113,-1.3075062</coordinates></LinearRing></outerBoundaryIs></Polygon>
  </Placemark>
  <Placemark id="praças_belem.306">
	<Style><LineStyle><color>ff0000ff</color></LineStyle><PolyStyle><fill>0</fill></PolyStyle></Style>
	<ExtendedData><SchemaData schemaUrl="#praças_belem">
		<SimpleData name="element">way</SimpleData>
		<SimpleData name="id">1490858623</SimpleData>
		<SimpleData name="leisure">park</SimpleData>
	</SchemaData></ExtendedData>
      <Polygon><outerBoundaryIs><LinearRing><coordinates>-48.4901261,-1.3997882 -48.4901254,-1.3998849 -48.4901338,-1.3998952 -48.4903744,-1.3998952 -48.4903744,-1.3998798 -48.4901649,-1.3997843 -48.4901448,-1.3997781 -48.4901261,-1.3997882</coordinates></LinearRing></outerBoundaryIs></Polygon>
  </Placemark>
  <Placemark id="praças_belem.307">
	<Style><LineStyle><color>ff0000ff</color></LineStyle><PolyStyle><fill>0</fill></PolyStyle></Style>
	<ExtendedData><SchemaData schemaUrl="#praças_belem">
		<SimpleData name="element">way</SimpleData>
		<SimpleData name="id">1490866555</SimpleData>
		<SimpleData name="leisure">park</SimpleData>
	</SchemaData></ExtendedData>
      <Polygon><outerBoundaryIs><LinearRing><coordinates>-48.4830198,-1.4024173 -48.4829906,-1.4027854 -48.483348,-1.4024327 -48.4833418,-1.4024127 -48.4830198,-1.4024173</coordinates></LinearRing></outerBoundaryIs></Polygon>
  </Placemark>
  <Placemark id="praças_belem.308">
	<name>Pracinha do CDP</name>
	<Style><LineStyle><color>ff0000ff</color></LineStyle><PolyStyle><fill>0</fill></PolyStyle></Style>
	<ExtendedData><SchemaData schemaUrl="#praças_belem">
		<SimpleData name="element">way</SimpleData>
		<SimpleData name="id">1490866556</SimpleData>
		<SimpleData name="leisure">park</SimpleData>
	</SchemaData></ExtendedData>
      <Polygon><outerBoundaryIs><LinearRing><coordinates>-48.4784644,-1.4030049 -48.4784319,-1.4032386 -48.4785762,-1.4031674 -48.4784644,-1.4030049</coordinates></LinearRing></outerBoundaryIs></Polygon>
  </Placemark>
  <Placemark id="praças_belem.309">
	<Style><LineStyle><color>ff0000ff</color></LineStyle><PolyStyle><fill>0</fill></PolyStyle></Style>
	<ExtendedData><SchemaData schemaUrl="#praças_belem">
		<SimpleData name="element">way</SimpleData>
		<SimpleData name="id">1490866564</SimpleData>
		<SimpleData name="leisure">park</SimpleData>
	</SchemaData></ExtendedData>
      <Polygon><outerBoundaryIs><LinearRing><coordinates>-48.4740809,-1.3977354 -48.474297,-1.3979229 -48.4745196,-1.3977039 -48.474099,-1.3977086 -48.4740809,-1.3977354</coordinates></LinearRing></outerBoundaryIs></Polygon>
  </Placemark>
</Folder>
</Document></kml>
